-- phpMyAdmin SQL Dump
-- version 4.9.0.1
-- https://www.phpmyadmin.net/
--
-- Host: 127.0.0.1
-- Generation Time: Oct 18, 2019 at 01:35 PM
-- Server version: 10.4.6-MariaDB
-- PHP Version: 7.1.32

SET SQL_MODE = "NO_AUTO_VALUE_ON_ZERO";
SET AUTOCOMMIT = 0;
START TRANSACTION;
SET time_zone = "+00:00";


/*!40101 SET @OLD_CHARACTER_SET_CLIENT=@@CHARACTER_SET_CLIENT */;
/*!40101 SET @OLD_CHARACTER_SET_RESULTS=@@CHARACTER_SET_RESULTS */;
/*!40101 SET @OLD_COLLATION_CONNECTION=@@COLLATION_CONNECTION */;
/*!40101 SET NAMES utf8mb4 */;

--
-- Database: `eapi`
--

-- --------------------------------------------------------

--
-- Table structure for table `migrations`
--

CREATE TABLE `migrations` (
  `id` int(10) UNSIGNED NOT NULL,
  `migration` varchar(255) COLLATE utf8mb4_unicode_ci NOT NULL,
  `batch` int(11) NOT NULL
) ENGINE=InnoDB DEFAULT CHARSET=utf8mb4 COLLATE=utf8mb4_unicode_ci;

--
-- Dumping data for table `migrations`
--

INSERT INTO `migrations` (`id`, `migration`, `batch`) VALUES
(1, '2014_10_12_000000_create_users_table', 1),
(2, '2014_10_12_100000_create_password_resets_table', 1),
(3, '2019_10_18_093923_create_products_table', 1);

-- --------------------------------------------------------

--
-- Table structure for table `password_resets`
--

CREATE TABLE `password_resets` (
  `email` varchar(255) COLLATE utf8mb4_unicode_ci NOT NULL,
  `token` varchar(255) COLLATE utf8mb4_unicode_ci NOT NULL,
  `created_at` timestamp NULL DEFAULT NULL
) ENGINE=InnoDB DEFAULT CHARSET=utf8mb4 COLLATE=utf8mb4_unicode_ci;

-- --------------------------------------------------------

--
-- Table structure for table `products`
--

CREATE TABLE `products` (
  `id` bigint(20) UNSIGNED NOT NULL,
  `name` varchar(255) COLLATE utf8mb4_unicode_ci NOT NULL,
  `detail` text COLLATE utf8mb4_unicode_ci NOT NULL,
  `price` int(11) NOT NULL,
  `stock` int(11) NOT NULL,
  `discount` int(11) NOT NULL,
  `created_at` timestamp NULL DEFAULT NULL,
  `updated_at` timestamp NULL DEFAULT NULL
) ENGINE=InnoDB DEFAULT CHARSET=utf8mb4 COLLATE=utf8mb4_unicode_ci;

--
-- Dumping data for table `products`
--

INSERT INTO `products` (`id`, `name`, `detail`, `price`, `stock`, `discount`, `created_at`, `updated_at`) VALUES
(1, 'ullam', 'Veniam rem nobis quis modi sequi. Eos voluptas quia nulla aut nostrum qui enim dolores.', 388, 4, 5, '2019-10-18 06:01:59', '2019-10-18 06:01:59'),
(2, 'dolorum', 'Nisi nam minima fugiat earum consequatur quis distinctio. Omnis consequuntur et atque voluptate. Velit quos molestiae molestiae quaerat.', 151, 8, 23, '2019-10-18 06:01:59', '2019-10-18 06:01:59'),
(3, 'provident', 'Ad tempore hic doloremque voluptas cumque inventore corporis quidem. Dolore eos voluptatem enim dolorem eos in. Autem qui libero maxime. Accusantium laborum voluptatem ipsam debitis.', 766, 4, 20, '2019-10-18 06:01:59', '2019-10-18 06:01:59'),
(4, 'ab', 'Porro tempore expedita quasi harum dicta. Culpa accusamus vitae consectetur atque ut ullam. Exercitationem excepturi corporis possimus nemo. Tempore natus ab vel ea sequi neque non.', 684, 0, 20, '2019-10-18 06:01:59', '2019-10-18 06:01:59'),
(5, 'natus', 'Consequatur sunt consequuntur consequuntur perferendis error adipisci eos similique. Eos unde reprehenderit voluptas vel iste nam ut.', 717, 8, 14, '2019-10-18 06:01:59', '2019-10-18 06:01:59'),
(6, 'et', 'Id eveniet consectetur reiciendis quia. Adipisci fugit quod reiciendis et. Qui est autem et. Repudiandae sunt laboriosam consequatur.', 395, 1, 15, '2019-10-18 06:02:00', '2019-10-18 06:02:00'),
(7, 'non', 'Dolore consequuntur soluta illum. Magni laboriosam eum eum repellat officia. Minima voluptatem quia commodi voluptatem consequatur quas aut. Consectetur nostrum nesciunt qui voluptatem rem id.', 238, 6, 14, '2019-10-18 06:02:00', '2019-10-18 06:02:00'),
(8, 'est', 'Provident impedit iste sed deleniti aspernatur. Doloribus ab ducimus doloremque enim. Illo iste est ut tenetur enim qui enim.', 378, 2, 15, '2019-10-18 06:02:00', '2019-10-18 06:02:00'),
(9, 'aut', 'Unde sed earum libero. Ipsam ut commodi quia totam nam autem vitae.', 451, 9, 11, '2019-10-18 06:02:00', '2019-10-18 06:02:00'),
(10, 'vel', 'Ut accusantium sint modi veritatis est. Quis eum animi qui veniam sit totam perspiciatis.', 388, 0, 25, '2019-10-18 06:02:00', '2019-10-18 06:02:00'),
(11, 'impedit', 'Eaque praesentium odit iste voluptatem quod odit similique. Sit illum architecto deleniti et aspernatur qui nobis. Sapiente corrupti qui ducimus voluptatem necessitatibus fuga. Voluptatem nisi aliquam rerum quia. Sit voluptates aliquid debitis nemo laboriosam et qui.', 333, 6, 23, '2019-10-18 06:02:00', '2019-10-18 06:02:00'),
(12, 'voluptatem', 'Delectus ut eos et quia qui dignissimos odio. Odit culpa aut quo quod. Quasi et placeat accusamus hic occaecati facere.', 714, 8, 11, '2019-10-18 06:02:00', '2019-10-18 06:02:00'),
(13, 'aut', 'Sed expedita aut omnis eos id labore dolorem. Numquam enim aut officiis nesciunt nulla nisi. Eaque perspiciatis voluptate reprehenderit voluptas pariatur ea.', 394, 2, 24, '2019-10-18 06:02:00', '2019-10-18 06:02:00'),
(14, 'consequuntur', 'Id architecto quidem sunt aut velit mollitia. Asperiores tempore magni quidem molestiae. Maxime dolores impedit animi repellat dicta. Est quia iusto dignissimos debitis.', 185, 2, 2, '2019-10-18 06:02:00', '2019-10-18 06:02:00'),
(15, 'ratione', 'Iure adipisci odit ipsam. Sed dicta natus est qui sint illo. Provident rerum dolores consequatur blanditiis. Molestiae ratione quia voluptatem quasi qui quasi.', 739, 9, 8, '2019-10-18 06:02:00', '2019-10-18 06:02:00'),
(16, 'labore', 'Laboriosam libero vero natus maiores excepturi. Dignissimos iste laboriosam aspernatur sed nobis id architecto. Qui nihil consequatur corrupti dolor. Consequatur ea omnis rerum mollitia.', 986, 3, 12, '2019-10-18 06:02:00', '2019-10-18 06:02:00'),
(17, 'eius', 'Ut asperiores fugit quo voluptas et minus quo. Et et eligendi omnis cupiditate laudantium atque id. Modi totam quidem et nulla. Et corporis deserunt vitae soluta odit.', 822, 2, 18, '2019-10-18 06:02:00', '2019-10-18 06:02:00'),
(18, 'excepturi', 'Corporis laborum optio in culpa. Illo vitae voluptatibus placeat. Accusantium deserunt quae eum nihil. Ut voluptate voluptas quia enim eveniet.', 247, 8, 28, '2019-10-18 06:02:00', '2019-10-18 06:02:00'),
(19, 'voluptatem', 'Animi cum odit maxime quae illum placeat eius. Aliquid iusto magni autem totam ullam nihil. Consequuntur quis vel pariatur occaecati quis.', 418, 6, 4, '2019-10-18 06:02:00', '2019-10-18 06:02:00'),
(20, 'qui', 'Autem autem unde consequuntur omnis quia. Delectus omnis rerum vitae aut ut fuga. Quasi nihil et sint non est.', 805, 8, 5, '2019-10-18 06:02:00', '2019-10-18 06:02:00'),
(21, 'itaque', 'Beatae dicta provident quia. Commodi eos sit explicabo totam. Fugit consequatur quasi quia non.', 874, 8, 11, '2019-10-18 06:02:00', '2019-10-18 06:02:00'),
(22, 'ut', 'Consequatur voluptatibus tempore adipisci dicta. Sed velit numquam aut commodi et at. Quam provident rem quia numquam consectetur fugit.', 584, 2, 19, '2019-10-18 06:02:00', '2019-10-18 06:02:00'),
(23, 'eum', 'Voluptas corrupti ducimus porro tenetur doloremque dolores. Quis et beatae debitis ullam. Aut sint non veritatis error esse velit quo.', 194, 7, 7, '2019-10-18 06:02:00', '2019-10-18 06:02:00'),
(24, 'corporis', 'Qui temporibus beatae ex quis. Velit ullam sed possimus natus nobis dignissimos quidem. Beatae voluptatibus officia nobis non.', 228, 6, 23, '2019-10-18 06:02:00', '2019-10-18 06:02:00'),
(25, 'aut', 'Vero nobis laborum aut ipsa sit. Officia doloremque fugiat incidunt aut laborum. Natus placeat qui vero sunt. Inventore nisi eum blanditiis non.', 708, 2, 4, '2019-10-18 06:02:00', '2019-10-18 06:02:00'),
(26, 'sed', 'Officiis et eos beatae eius quia. Et deserunt dolores omnis quis. Temporibus eum tempora dolorem possimus similique quasi. Et est sunt sint sint corrupti quia ullam.', 191, 4, 2, '2019-10-18 06:02:00', '2019-10-18 06:02:00'),
(27, 'minima', 'Aut dicta voluptas et similique dolore. Aut exercitationem aperiam eos eum laborum. Eius molestiae fugiat natus enim dolores et quaerat.', 661, 7, 7, '2019-10-18 06:02:00', '2019-10-18 06:02:00'),
(28, 'adipisci', 'Magni cum voluptatibus quam nesciunt perferendis. Accusantium cupiditate omnis fugit adipisci rerum tempora placeat. Ut consequuntur consequatur sed quo quo. Nisi dolores voluptates laborum aperiam enim rerum.', 894, 8, 16, '2019-10-18 06:02:00', '2019-10-18 06:02:00'),
(29, 'blanditiis', 'Voluptate necessitatibus at quod quia sunt nemo repudiandae dolor. Et laborum ab quasi officia repellendus saepe at. Nam ipsum harum corrupti tempora ea culpa.', 215, 4, 13, '2019-10-18 06:02:00', '2019-10-18 06:02:00'),
(30, 'suscipit', 'Omnis iure mollitia culpa perferendis quidem sint provident. Soluta vero repudiandae aut. Qui sequi veniam eius nulla voluptate. Perferendis saepe quia aut eaque temporibus saepe sed.', 789, 1, 25, '2019-10-18 06:02:00', '2019-10-18 06:02:00'),
(31, 'nesciunt', 'Accusantium voluptates dolorum recusandae placeat eligendi sit necessitatibus. Saepe quidem eveniet et mollitia consequatur autem laudantium. Et tenetur sit enim. Sit dolores sunt sed magni qui.', 524, 2, 7, '2019-10-18 06:02:00', '2019-10-18 06:02:00'),
(32, 'quam', 'Non autem quaerat consequuntur molestiae dolorum. Voluptatibus voluptatum quis autem itaque ullam voluptatem. Qui error voluptatibus quidem qui.', 437, 0, 26, '2019-10-18 06:02:00', '2019-10-18 06:02:00'),
(33, 'praesentium', 'Enim repellat iste assumenda eaque harum consequatur at. Quo distinctio quia consequatur aut debitis reiciendis qui libero. Fuga qui repellat possimus perspiciatis non. Reprehenderit quod aut consequatur perspiciatis autem.', 722, 3, 5, '2019-10-18 06:02:00', '2019-10-18 06:02:00'),
(34, 'sit', 'Ut iure nihil ea in esse neque voluptatem. Iusto voluptate itaque suscipit corrupti provident dolor voluptas. Aut qui tempora illo deserunt exercitationem. Ipsum molestias aliquam laudantium quo ad.', 223, 9, 3, '2019-10-18 06:02:00', '2019-10-18 06:02:00'),
(35, 'et', 'Culpa quibusdam vel voluptas nihil et. Odio consequatur vitae est accusamus optio ut. Dolorum saepe minus nisi.', 131, 9, 9, '2019-10-18 06:02:00', '2019-10-18 06:02:00'),
(36, 'ullam', 'Libero blanditiis et laudantium cupiditate fugiat. Et sunt consequatur est saepe facere incidunt. Quia ea animi qui in. Distinctio dolorem corporis aut aut.', 405, 7, 10, '2019-10-18 06:02:00', '2019-10-18 06:02:00'),
(37, 'aperiam', 'Maxime animi dicta est nihil. Error minus a quam sapiente fugiat dicta odit.', 380, 5, 13, '2019-10-18 06:02:00', '2019-10-18 06:02:00'),
(38, 'rerum', 'Sint ut aliquid et velit est suscipit autem. Qui necessitatibus quasi sed ea odio illo. Vel aut praesentium corrupti voluptate eligendi occaecati consectetur eum.', 120, 7, 15, '2019-10-18 06:02:00', '2019-10-18 06:02:00'),
(39, 'repellat', 'Non est ea quae officia totam sint et. Voluptate explicabo repellat fugit atque. Earum eum omnis ipsam neque asperiores.', 528, 6, 8, '2019-10-18 06:02:00', '2019-10-18 06:02:00'),
(40, 'accusantium', 'Sint nisi maiores ut qui molestias magni placeat. Asperiores qui qui sit eos. Quis suscipit voluptate non nihil soluta quisquam error. Nisi soluta est omnis mollitia sed tempore atque explicabo.', 605, 5, 30, '2019-10-18 06:02:01', '2019-10-18 06:02:01'),
(41, 'totam', 'Consectetur eveniet dolores excepturi impedit sit nihil. Veritatis illo sit ab iure nihil totam omnis vel. Consequatur officia dolor sit illum quas.', 892, 0, 5, '2019-10-18 06:02:01', '2019-10-18 06:02:01'),
(42, 'nesciunt', 'Voluptatem atque hic asperiores fugit unde enim earum. Aut natus ipsa maxime quo sit occaecati temporibus quia. Sint atque et et quo perferendis saepe.', 763, 1, 18, '2019-10-18 06:02:01', '2019-10-18 06:02:01'),
(43, 'non', 'Laboriosam iste aut ut nobis alias asperiores. Possimus incidunt et illum et atque odio suscipit aut. Tenetur voluptate ut officiis sit asperiores.', 531, 8, 23, '2019-10-18 06:02:01', '2019-10-18 06:02:01'),
(44, 'fugiat', 'Cupiditate quis voluptates tempora natus aperiam aut sit. Et autem quia recusandae harum blanditiis. Molestiae aut ipsa totam quo.', 680, 5, 28, '2019-10-18 06:02:01', '2019-10-18 06:02:01'),
(45, 'omnis', 'Id consequatur voluptas perferendis laboriosam. Minima rerum voluptas aut id. Aperiam et eveniet incidunt perspiciatis aspernatur aliquid quia. Et et occaecati voluptates quaerat.', 320, 7, 27, '2019-10-18 06:02:01', '2019-10-18 06:02:01'),
(46, 'velit', 'Dolorem sunt harum aut est. Blanditiis recusandae dolores voluptatem rerum est et itaque.', 662, 7, 13, '2019-10-18 06:02:01', '2019-10-18 06:02:01'),
(47, 'perspiciatis', 'Porro ut et ab officiis. Quo dolor maxime nihil consequatur est. Fugit qui eos sunt nihil. Unde sed nobis accusamus qui.', 487, 7, 3, '2019-10-18 06:02:01', '2019-10-18 06:02:01'),
(48, 'dignissimos', 'Qui error aliquid similique. Sed sed dolorem et placeat non nihil voluptas. Aliquam tempore consequatur consequatur eius. Voluptates harum qui iusto error.', 541, 8, 21, '2019-10-18 06:02:01', '2019-10-18 06:02:01'),
(49, 'qui', 'Ex ducimus nostrum consequatur. Eum id nulla ut aut magnam magni dolor quod.', 717, 7, 17, '2019-10-18 06:02:01', '2019-10-18 06:02:01'),
(50, 'omnis', 'Qui modi atque fuga. Id officia excepturi voluptas aut. Ullam eum aspernatur voluptatem quo distinctio ducimus est. Quam qui illo dignissimos minima porro.', 261, 0, 6, '2019-10-18 06:02:01', '2019-10-18 06:02:01');

-- --------------------------------------------------------

--
-- Table structure for table `reviews`
--

CREATE TABLE `reviews` (
  `id` bigint(20) UNSIGNED NOT NULL,
  `product_id` int(10) UNSIGNED NOT NULL,
  `customer` varchar(255) COLLATE utf8mb4_unicode_ci NOT NULL,
  `review` text COLLATE utf8mb4_unicode_ci NOT NULL,
  `star` int(11) NOT NULL,
  `created_at` timestamp NULL DEFAULT NULL,
  `updated_at` timestamp NULL DEFAULT NULL
) ENGINE=InnoDB DEFAULT CHARSET=utf8mb4 COLLATE=utf8mb4_unicode_ci;

--
-- Dumping data for table `reviews`
--

INSERT INTO `reviews` (`id`, `product_id`, `customer`, `review`, `star`, `created_at`, `updated_at`) VALUES
(1, 22, 'Earl Yost', 'Nesciunt tenetur eaque saepe autem delectus ullam voluptatem. Quo inventore doloribus omnis nihil nemo possimus. Eum enim rem nemo in et dolorem asperiores doloremque.', 0, '2019-10-18 06:02:01', '2019-10-18 06:02:01'),
(2, 4, 'Kattie Goldner', 'Cumque qui ut voluptatibus quaerat ipsa. Architecto assumenda ut corrupti voluptas est ipsum. Iste rem qui eius aut. Quis recusandae natus dolores quia alias earum.', 2, '2019-10-18 06:02:01', '2019-10-18 06:02:01'),
(3, 33, 'Harvey Lynch V', 'Iusto repellendus et repellendus similique. Totam ipsam possimus natus eveniet libero nisi. Qui nesciunt aut aut dolores provident. Reprehenderit eaque vero aspernatur id nihil sint sed.', 2, '2019-10-18 06:02:01', '2019-10-18 06:02:01'),
(4, 25, 'Prof. Savion Mayer', 'Omnis voluptatem dolores quibusdam iure minus fugiat. Maxime blanditiis laboriosam voluptates pariatur sapiente deleniti. Omnis placeat vel error assumenda est nisi. Cupiditate fuga quo fuga est ea. Quis reprehenderit ab molestiae perspiciatis.', 0, '2019-10-18 06:02:02', '2019-10-18 06:02:02'),
(5, 46, 'Bernice Carter', 'Veritatis eum nobis dolor harum fuga asperiores laudantium. Et rerum molestiae qui ut culpa. Neque sit est fugit consequatur. Architecto quasi modi enim neque ut est.', 1, '2019-10-18 06:02:02', '2019-10-18 06:02:02'),
(6, 4, 'Stephanie Tremblay', 'Natus ut et et numquam. Mollitia quibusdam ex et maxime ut. Aliquam est animi et quia rerum. Laboriosam et debitis qui minus.', 0, '2019-10-18 06:02:02', '2019-10-18 06:02:02'),
(7, 25, 'Kaylee Waelchi', 'Perferendis quam deleniti accusamus rerum alias ut. Iste impedit repellendus illo nostrum id ea. Magni et iste culpa facilis omnis eius incidunt. Cum et voluptatibus aut tempora doloribus.', 2, '2019-10-18 06:02:02', '2019-10-18 06:02:02'),
(8, 27, 'Linnie Barton DVM', 'Temporibus eveniet mollitia labore reprehenderit possimus cumque. Quidem alias praesentium repellendus nihil accusantium autem et. Placeat sit voluptatum cum eveniet architecto maxime facere. Voluptatem corporis culpa pariatur fugiat delectus.', 5, '2019-10-18 06:02:02', '2019-10-18 06:02:02'),
(9, 23, 'Ms. Mireille Wolff V', 'Natus consectetur et iusto voluptas. Et esse aperiam voluptatem ex dolorem adipisci. Iusto deserunt suscipit ullam culpa excepturi labore vitae. Fugit necessitatibus ad at dolorum.', 3, '2019-10-18 06:02:02', '2019-10-18 06:02:02'),
(10, 10, 'Viola Baumbach', 'Beatae quod qui perspiciatis perferendis id. Ut explicabo voluptates accusantium velit. Est dolor sapiente ipsam animi ut non eum. Quae nesciunt et et quae porro.', 1, '2019-10-18 06:02:02', '2019-10-18 06:02:02'),
(11, 47, 'Reinhold Dickens', 'Nobis hic totam animi voluptatibus distinctio dolores dicta est. Alias omnis sed quae sequi qui quia earum ea. Saepe earum est nihil velit accusantium. Et dolorum nesciunt voluptatem ut.', 4, '2019-10-18 06:02:02', '2019-10-18 06:02:02'),
(12, 27, 'Oda Baumbach', 'Voluptatibus placeat magni doloribus. Voluptas dolor ex eum nesciunt impedit facilis facere. Et dolorem molestias rerum enim ut. Ut voluptate quod et voluptates non.', 4, '2019-10-18 06:02:02', '2019-10-18 06:02:02'),
(13, 3, 'Prof. Darrel Williamson', 'Numquam nobis et impedit et rerum aliquam quam. Labore hic beatae aut incidunt recusandae qui. Ea sed sunt reiciendis voluptas ducimus. Id deserunt ad autem eum quisquam mollitia.', 5, '2019-10-18 06:02:02', '2019-10-18 06:02:02'),
(14, 30, 'Prof. Winston Schaden', 'Dolor molestias consequatur tempora necessitatibus distinctio incidunt error. A blanditiis distinctio similique et earum unde. Et omnis rerum labore ut placeat voluptates magni.', 2, '2019-10-18 06:02:02', '2019-10-18 06:02:02'),
(15, 13, 'Dr. Leora Denesik', 'Vel debitis officia incidunt neque repellat enim in ea. Error quae harum facilis iusto voluptatibus. Quo id sunt labore repellat. Qui odio praesentium velit.', 4, '2019-10-18 06:02:02', '2019-10-18 06:02:02'),
(16, 43, 'Dayna Hilpert', 'Sunt nobis nesciunt non unde soluta. Illum quos et quos eum asperiores. Architecto sed a sit. Fugit quasi eligendi rerum ut.', 0, '2019-10-18 06:02:02', '2019-10-18 06:02:02'),
(17, 49, 'Valerie Collins', 'Qui neque repudiandae ex soluta. Placeat impedit vitae sunt eum. Quis eum et et quas et eum rerum. Quaerat molestiae inventore sed cupiditate voluptas voluptas.', 3, '2019-10-18 06:02:02', '2019-10-18 06:02:02'),
(18, 34, 'Alford Jacobson', 'Mollitia recusandae delectus molestiae eum numquam temporibus eligendi doloremque. Natus maiores impedit id maxime voluptates. Quae qui qui est aut libero tenetur et earum. Facilis sit cupiditate aut quia enim.', 0, '2019-10-18 06:02:02', '2019-10-18 06:02:02'),
(19, 1, 'Taryn Wolf DVM', 'Numquam non possimus repellat sint porro quis. Libero fugit rerum dolorum non qui modi est. Rerum nostrum ut officiis excepturi deserunt. Voluptatibus officiis at enim possimus corporis culpa harum.', 2, '2019-10-18 06:02:02', '2019-10-18 06:02:02'),
(20, 39, 'Miss Brenda Waters IV', 'Nobis omnis sunt natus cupiditate molestias. Doloremque est eligendi occaecati laborum vel reiciendis culpa consequatur. Deleniti molestias libero molestiae vel voluptate deserunt.', 4, '2019-10-18 06:02:02', '2019-10-18 06:02:02'),
(21, 48, 'Lola Jaskolski', 'Quod et sit non odit odio. Aspernatur sint aut molestiae sed. Tempora vel et eaque distinctio eaque cupiditate est.', 5, '2019-10-18 06:02:02', '2019-10-18 06:02:02'),
(22, 50, 'Charity Ebert', 'Eveniet sed dolores et et. Cumque autem quae qui deleniti minima magnam qui quo. Illo ea expedita dolorem autem tempore non est. Vel dignissimos sunt quisquam.', 3, '2019-10-18 06:02:02', '2019-10-18 06:02:02'),
(23, 21, 'Bertram Luettgen', 'Voluptatem qui inventore sit et minus id consequatur magnam. Velit asperiores et magni qui reiciendis fuga rerum. Perspiciatis enim debitis delectus.', 3, '2019-10-18 06:02:02', '2019-10-18 06:02:02'),
(24, 22, 'Izaiah Towne Jr.', 'Natus aut occaecati velit exercitationem iste quisquam aut. Dolorem maxime dignissimos ad quia consequuntur. Consequatur est quae aut autem. Voluptatem soluta voluptatem odio itaque ut dolorem rerum.', 1, '2019-10-18 06:02:02', '2019-10-18 06:02:02'),
(25, 30, 'Shane Lakin', 'Praesentium repellendus numquam minus ipsum est vitae quis. Aut eveniet vel aliquam. Eligendi nihil a commodi qui.', 0, '2019-10-18 06:02:02', '2019-10-18 06:02:02'),
(26, 6, 'Myrtis Brown', 'Fugiat quae et sed libero delectus. Molestias qui impedit dignissimos consequatur. Eos iusto aut libero totam commodi ratione.', 2, '2019-10-18 06:02:02', '2019-10-18 06:02:02'),
(27, 42, 'Mrs. Lily Reynolds I', 'Reiciendis blanditiis expedita est expedita numquam beatae. Vero ad quos laborum voluptatem. Quia dignissimos ut commodi omnis sapiente veniam assumenda id.', 1, '2019-10-18 06:02:02', '2019-10-18 06:02:02'),
(28, 1, 'Laisha Nolan DVM', 'Et quia illo doloremque. Suscipit enim ipsam cum dignissimos dolor nihil velit. Nam nulla et architecto maiores qui ad voluptatem. Neque ut corporis dignissimos inventore sit et eos explicabo.', 2, '2019-10-18 06:02:02', '2019-10-18 06:02:02'),
(29, 21, 'Fausto Watsica', 'Sunt aspernatur aut odio corporis. Rerum ipsam aliquid totam saepe enim cupiditate. Ex quis consectetur atque quam praesentium quo soluta. Eaque sit sit consequatur nihil sit temporibus quam facilis.', 2, '2019-10-18 06:02:02', '2019-10-18 06:02:02'),
(30, 13, 'Devon Bauch', 'Velit sed reprehenderit at in molestias nobis magni. Repellat modi ducimus officia. Provident quia assumenda voluptatem atque eum sunt. Laborum et incidunt rerum temporibus ea eos.', 1, '2019-10-18 06:02:02', '2019-10-18 06:02:02'),
(31, 23, 'Dr. Geovany Satterfield IV', 'Voluptates sint enim cum enim ut rerum. Ut ipsa tenetur consequatur et a. Dolores omnis laboriosam et et. Labore dolorum qui tempore atque qui quam.', 1, '2019-10-18 06:02:02', '2019-10-18 06:02:02'),
(32, 39, 'Estrella Friesen', 'Eum maxime est accusantium et. Molestiae repellat ratione architecto enim qui sed. Tempore voluptatibus earum quidem est. Quod corrupti ipsa ea voluptas.', 0, '2019-10-18 06:02:02', '2019-10-18 06:02:02'),
(33, 13, 'Dr. Alvis Kilback DVM', 'Quisquam aut voluptas ducimus in dolore. Magni dolores labore amet ullam magnam aperiam. Deserunt omnis consequatur at error fugit aut.', 2, '2019-10-18 06:02:02', '2019-10-18 06:02:02'),
(34, 22, 'Eladio Dicki', 'Ipsa corrupti voluptatibus consequatur eaque sequi. Quisquam nemo necessitatibus itaque sed velit quod inventore. Velit quia labore earum rerum ratione consequuntur. Velit excepturi incidunt accusamus.', 1, '2019-10-18 06:02:02', '2019-10-18 06:02:02'),
(35, 5, 'Mabel Hirthe', 'Distinctio voluptatibus facilis praesentium qui iste libero necessitatibus ut. Eligendi voluptatibus velit est. Quo similique facere non. Quibusdam sit iste sed repellendus doloribus.', 1, '2019-10-18 06:02:02', '2019-10-18 06:02:02'),
(36, 24, 'Dr. Armand Lueilwitz I', 'Et sed debitis nisi reprehenderit ut. Architecto temporibus mollitia aut sint facere nemo beatae. Quae et ratione voluptatem iure aut molestiae. Non et quam tempora ut quo sit. Ullam nemo dolor rerum perferendis.', 3, '2019-10-18 06:02:02', '2019-10-18 06:02:02'),
(37, 47, 'Kyleigh Schimmel', 'Ipsum sed sed similique voluptatem. Architecto excepturi animi odit nihil sapiente et labore mollitia. Aperiam deserunt ex nihil non. Ut necessitatibus eveniet recusandae voluptates accusantium debitis.', 0, '2019-10-18 06:02:02', '2019-10-18 06:02:02'),
(38, 10, 'Name Cassin', 'Quaerat maxime cupiditate alias aut quisquam tenetur. Qui harum ipsum blanditiis voluptatem facere maiores molestiae. Odio et et animi recusandae qui autem consectetur numquam. Cum quia eveniet vitae exercitationem magni.', 4, '2019-10-18 06:02:02', '2019-10-18 06:02:02'),
(39, 34, 'Dr. Harry Gibson Jr.', 'Ex tenetur qui nisi voluptatem quis doloribus. Sequi quos perferendis mollitia voluptatem culpa dolor architecto. Tempora est numquam libero sequi. Incidunt eaque iste repudiandae rem dolorem.', 3, '2019-10-18 06:02:02', '2019-10-18 06:02:02'),
(40, 31, 'Mr. Deondre Schroeder', 'Aut eligendi minus quam. Dolorem beatae aspernatur amet eos blanditiis in maiores. Ut dolor explicabo sunt reprehenderit aut fugiat.', 4, '2019-10-18 06:02:03', '2019-10-18 06:02:03'),
(41, 15, 'Sven Senger', 'Qui nisi consequatur perspiciatis. Aut aut recusandae natus deleniti quo aut voluptatibus. Sit repellat consequatur fugit aliquid sed temporibus in.', 4, '2019-10-18 06:02:03', '2019-10-18 06:02:03'),
(42, 11, 'Aron Emmerich', 'Est modi voluptate quis qui itaque molestias. Qui labore tenetur ex sapiente amet minus. Similique voluptatem et aut velit distinctio velit. Voluptas dolor dicta dolorem reprehenderit nostrum voluptas. Accusantium ab ad eum ratione odit placeat.', 5, '2019-10-18 06:02:03', '2019-10-18 06:02:03'),
(43, 23, 'Scottie Nicolas', 'Dolores voluptas inventore fuga labore praesentium facere veniam. Nulla dignissimos aliquid natus recusandae numquam harum est eveniet. Facilis inventore asperiores voluptate quisquam. Quia eligendi est soluta nesciunt at debitis. Omnis qui consequatur facilis quae.', 1, '2019-10-18 06:02:03', '2019-10-18 06:02:03'),
(44, 7, 'Winnifred Lebsack', 'Ipsum qui qui quia quod voluptate quia. Deserunt nihil sed et repellat sunt. Asperiores hic quis porro. Facilis doloribus nesciunt illo et iste voluptates.', 0, '2019-10-18 06:02:03', '2019-10-18 06:02:03'),
(45, 4, 'Jedidiah Kassulke', 'Cumque accusamus laborum et quia dolores non adipisci hic. Qui ut doloremque facilis exercitationem consequatur. At animi et laudantium temporibus saepe. Nulla voluptatem sint eos et et.', 0, '2019-10-18 06:02:03', '2019-10-18 06:02:03'),
(46, 18, 'Mr. Jeff Welch Jr.', 'Tenetur sit et quos voluptas aut. Iste harum et aliquid voluptatibus. Repellendus et sapiente sint explicabo est. Eos et ab odio sit a.', 2, '2019-10-18 06:02:03', '2019-10-18 06:02:03'),
(47, 21, 'Francis O\'Kon', 'Facilis non sint ea non doloremque unde. Dignissimos sit vel sint sed sapiente. Et sunt accusamus a ut distinctio natus quia. Consectetur nihil minus voluptatem aperiam officiis voluptatem consequatur magni.', 1, '2019-10-18 06:02:03', '2019-10-18 06:02:03'),
(48, 28, 'Kimberly Roob', 'Tempore iusto atque maiores culpa tempora natus. Consequuntur animi aut atque voluptates accusantium. Facilis eveniet et necessitatibus repellat recusandae iusto aliquam.', 4, '2019-10-18 06:02:03', '2019-10-18 06:02:03'),
(49, 27, 'Dr. Dane Lang', 'Dolorum veniam quos sunt impedit sint hic vitae quaerat. Voluptatem rerum illum ea in quo dolore doloremque. Pariatur soluta magni est eum doloribus.', 1, '2019-10-18 06:02:03', '2019-10-18 06:02:03'),
(50, 44, 'Prof. Dameon Yost', 'Earum sunt vel accusamus et eius a animi. Voluptas natus illo provident sit eius. Earum ullam aliquid molestiae non. Ut praesentium provident porro ipsa.', 0, '2019-10-18 06:02:03', '2019-10-18 06:02:03'),
(51, 50, 'Mr. Cory Bergnaum', 'Consequatur magni vitae optio voluptatum autem cumque sit nesciunt. Et laborum nisi nisi enim autem et commodi.', 2, '2019-10-18 06:02:03', '2019-10-18 06:02:03'),
(52, 46, 'Lonny Littel', 'Nihil ullam quas vel. Consequatur magnam minus non accusamus ad harum ipsum. Aut nihil quisquam est aut quia non provident. Repudiandae repellendus repudiandae ea vero suscipit rem. Omnis vel quod non debitis iste.', 2, '2019-10-18 06:02:03', '2019-10-18 06:02:03'),
(53, 28, 'Deontae Bechtelar', 'Vitae rerum vitae dignissimos sit. Corrupti ab ut omnis quam. Labore earum non delectus dolores est.', 0, '2019-10-18 06:02:03', '2019-10-18 06:02:03'),
(54, 40, 'Jacynthe Considine', 'Et est earum voluptas totam minima. Veritatis est a sequi. Dicta eaque libero itaque eveniet.', 5, '2019-10-18 06:02:03', '2019-10-18 06:02:03'),
(55, 46, 'Jerrell Conroy', 'Eaque qui est esse illo adipisci odio eveniet. Itaque voluptas accusamus quo pariatur. Rerum nihil iste blanditiis quasi. Fuga unde commodi et porro aut.', 5, '2019-10-18 06:02:03', '2019-10-18 06:02:03'),
(56, 50, 'Ludwig Brown', 'Qui et consequatur iste impedit omnis aut doloribus. Praesentium quia temporibus perferendis sint ratione qui quia eos. Commodi sed id sed culpa qui vel.', 1, '2019-10-18 06:02:03', '2019-10-18 06:02:03'),
(57, 50, 'Armani Langosh', 'Aut voluptas nobis in enim et totam ad. Officia quo voluptas corporis quo temporibus. Incidunt praesentium iste in nihil. Modi blanditiis omnis voluptates ipsa. Est excepturi ex aut excepturi officiis qui.', 0, '2019-10-18 06:02:03', '2019-10-18 06:02:03'),
(58, 46, 'Yolanda Smith', 'At dolor deleniti omnis illo ea odio consequatur. Quos odio ad est ut optio. Enim qui sit atque et dolor impedit maxime. Rerum modi est similique laborum ut aliquid exercitationem.', 3, '2019-10-18 06:02:03', '2019-10-18 06:02:03'),
(59, 40, 'Dr. Noe Gibson', 'Dolore quia qui perspiciatis quod. Ut accusantium nihil recusandae et eos ut quae. Quo aut a autem maiores et autem. Voluptas deleniti eos accusantium facere enim minus et.', 1, '2019-10-18 06:02:03', '2019-10-18 06:02:03'),
(60, 13, 'Neoma Howe', 'Deleniti expedita aut quam exercitationem qui atque sed. Quis minus quia qui voluptatem fuga inventore.', 2, '2019-10-18 06:02:03', '2019-10-18 06:02:03'),
(61, 8, 'Joelle Lebsack III', 'Similique qui odit eos corrupti. Quo reprehenderit accusamus voluptate velit fugiat vel voluptatem. Et doloribus in cum itaque eos corporis.', 2, '2019-10-18 06:02:03', '2019-10-18 06:02:03'),
(62, 15, 'Tania Koch', 'Est repellendus harum autem porro iure. Iure cumque dolorem repudiandae suscipit. Asperiores et autem culpa quis ipsa.', 3, '2019-10-18 06:02:03', '2019-10-18 06:02:03'),
(63, 50, 'Dr. Dawn Kozey', 'Aperiam qui reprehenderit magnam non asperiores et cumque. A perferendis temporibus nam quae officia nesciunt. Perspiciatis nam quidem in minima nostrum quasi fuga explicabo. Corporis distinctio dignissimos aut autem deleniti est.', 4, '2019-10-18 06:02:03', '2019-10-18 06:02:03'),
(64, 29, 'Rose Bradtke', 'Architecto asperiores nam voluptatem accusamus reprehenderit sunt. Eos aspernatur nemo rerum architecto et. Aperiam occaecati dolorem facilis et qui amet rerum.', 5, '2019-10-18 06:02:03', '2019-10-18 06:02:03'),
(65, 25, 'Dakota Gleichner', 'Consequuntur voluptatem voluptate numquam. Dolorum amet qui rem dolor quod voluptatem expedita. Voluptas et mollitia quia qui ipsam. Illo quas cupiditate quas amet similique eos quia.', 1, '2019-10-18 06:02:03', '2019-10-18 06:02:03'),
(66, 15, 'Brenna Koch', 'Nesciunt ex dicta officia sint corporis. Quia ea laborum debitis vel ea deserunt accusamus. Ut explicabo nemo cumque veritatis ut soluta. Ut eum nulla asperiores sed ut iste nobis.', 3, '2019-10-18 06:02:03', '2019-10-18 06:02:03'),
(67, 23, 'Brennan Harber', 'Expedita impedit non et sed. Doloribus dolores autem sit quod in.', 1, '2019-10-18 06:02:03', '2019-10-18 06:02:03'),
(68, 38, 'Lucious Bins', 'Temporibus et et ut et. Ratione aut perspiciatis illum maxime voluptate. Fuga iusto at ut quas libero. Sed dolorum ea repudiandae eaque quia voluptas molestiae.', 1, '2019-10-18 06:02:03', '2019-10-18 06:02:03'),
(69, 25, 'Mr. General Lubowitz DDS', 'Et nam enim ut. Qui unde doloribus vitae provident. Iusto rerum est porro neque aut iusto.', 2, '2019-10-18 06:02:03', '2019-10-18 06:02:03'),
(70, 46, 'Leo Hintz', 'Eaque aut veniam quis aut. Dolor eum ut ut nihil odit. Maiores autem quae magni esse praesentium et.', 5, '2019-10-18 06:02:03', '2019-10-18 06:02:03'),
(71, 37, 'Mr. Blaise Fahey DDS', 'Qui labore voluptates minus quis. Facilis dolores porro placeat rem quia quia omnis quia. Autem unde unde maiores libero quos voluptate iusto. Nisi rerum vel laboriosam aut saepe.', 5, '2019-10-18 06:02:03', '2019-10-18 06:02:03'),
(72, 18, 'Kavon Mosciski', 'Rem aut quos quia et. Incidunt quisquam repellat consequuntur corporis. Voluptatem quis non laboriosam facere laudantium doloribus laboriosam. Nam quasi qui alias quia maxime necessitatibus.', 2, '2019-10-18 06:02:03', '2019-10-18 06:02:03'),
(73, 30, 'Prince Muller', 'Distinctio molestias aut asperiores corrupti molestias in mollitia. Rem corrupti sed accusamus architecto qui voluptates praesentium. Sunt consequuntur distinctio aliquid blanditiis.', 3, '2019-10-18 06:02:03', '2019-10-18 06:02:03'),
(74, 18, 'Greyson Ortiz', 'Saepe dicta animi alias suscipit aut modi animi. Distinctio laboriosam sed iure quisquam. Excepturi iure sint suscipit velit omnis voluptatem quam labore. Natus eum tempora assumenda quis vitae recusandae. Vel in deserunt neque qui in culpa aut.', 1, '2019-10-18 06:02:04', '2019-10-18 06:02:04'),
(75, 9, 'Kaitlin Block', 'Maxime magni quod quaerat repudiandae quam et magnam. Quo est illo itaque nihil dolores ea tempore. Cum quibusdam aperiam perferendis est rerum.', 4, '2019-10-18 06:02:04', '2019-10-18 06:02:04'),
(76, 25, 'Dr. Cordelia Rippin', 'Quisquam dicta dignissimos inventore ipsa maiores omnis sed. Inventore odit sed provident possimus. Et et pariatur sed dolorum tenetur voluptatem.', 1, '2019-10-18 06:02:04', '2019-10-18 06:02:04'),
(77, 50, 'Francis Stamm', 'Deleniti minus iste voluptate sunt nam explicabo. Nihil non vel sint qui et similique illo aspernatur. Nobis quia alias nihil est perspiciatis quo temporibus et.', 1, '2019-10-18 06:02:04', '2019-10-18 06:02:04'),
(78, 22, 'Dr. Ellen Grant Jr.', 'Autem consectetur culpa et nam. Nulla esse natus blanditiis quae illo cum inventore voluptatem. Architecto ea iste minus ipsa id voluptate. Possimus inventore ullam aspernatur suscipit nulla.', 0, '2019-10-18 06:02:04', '2019-10-18 06:02:04'),
(79, 12, 'Eldridge Dietrich Jr.', 'Consectetur aperiam dolorum delectus. Quia id odio maxime odio distinctio. Et doloremque a aut aliquam non fugit voluptatum aut. Amet quam sunt dolor perferendis eligendi.', 3, '2019-10-18 06:02:04', '2019-10-18 06:02:04'),
(80, 27, 'Marjory Spinka', 'Similique maiores assumenda asperiores est quos. Adipisci qui hic accusamus similique ut occaecati. Cum minima voluptas voluptates optio. Qui esse laborum illum.', 3, '2019-10-18 06:02:04', '2019-10-18 06:02:04'),
(81, 49, 'Mr. Keven Denesik', 'Sapiente quia velit repellendus sint et esse. Animi omnis ad omnis dolor architecto magni nemo in. Veniam omnis laborum voluptas id molestiae quibusdam.', 3, '2019-10-18 06:02:04', '2019-10-18 06:02:04'),
(82, 18, 'Karine Von', 'Eos tempore molestiae magnam vel fuga odio sequi. Excepturi aut ut praesentium magnam magnam vitae maxime. Asperiores ipsa eum adipisci architecto. Expedita quia mollitia non sequi cum.', 1, '2019-10-18 06:02:04', '2019-10-18 06:02:04'),
(83, 16, 'Aimee Stehr', 'In corrupti veritatis aut omnis non. Possimus est accusamus cum at officia. Autem illum qui non amet cumque et natus.', 0, '2019-10-18 06:02:04', '2019-10-18 06:02:04'),
(84, 36, 'Alverta Glover', 'Temporibus quia quo ut porro. Exercitationem quo harum quaerat laborum.', 1, '2019-10-18 06:02:04', '2019-10-18 06:02:04'),
(85, 29, 'Cale Lakin', 'Optio vero asperiores id cupiditate reprehenderit aut tempore. Architecto necessitatibus et aliquam minima dolor delectus. Vero dicta rerum consectetur cum ipsa voluptatem. Eos voluptates fugit sed amet soluta.', 1, '2019-10-18 06:02:04', '2019-10-18 06:02:04'),
(86, 36, 'Elta Schiller', 'Eius et animi qui quia similique odio. Sapiente quidem repellat quod ipsa tempore. Et voluptatum deleniti quae eum aspernatur.', 2, '2019-10-18 06:02:04', '2019-10-18 06:02:04'),
(87, 47, 'Antonette Mraz', 'Facilis voluptatum et corrupti ratione minima est enim recusandae. Placeat vitae vero vitae dolor atque. Nihil sit quo excepturi quia minima blanditiis aut velit. Deserunt quaerat sunt dolorem dolor.', 2, '2019-10-18 06:02:04', '2019-10-18 06:02:04'),
(88, 15, 'Miss Vickie Little', 'Dolores cumque aut labore odio et. Rerum et debitis corrupti assumenda necessitatibus nam. Aliquid non voluptas voluptatem illo voluptas ullam. Velit sint ea aspernatur dolor odio. Corporis ipsa magni id possimus quo rerum.', 4, '2019-10-18 06:02:04', '2019-10-18 06:02:04'),
(89, 11, 'Brenda Windler', 'Sint voluptas ea ullam ut laborum reprehenderit reiciendis nobis. Non enim architecto magnam. Enim ut ducimus perferendis.', 2, '2019-10-18 06:02:04', '2019-10-18 06:02:04'),
(90, 24, 'Neoma Hudson', 'Dolorum minus optio a atque. Voluptas voluptas minus doloribus expedita sed. Minima dolor et et ut unde. Et sed ipsum tempora maiores nesciunt ex.', 4, '2019-10-18 06:02:04', '2019-10-18 06:02:04'),
(91, 39, 'Pasquale Treutel', 'Molestiae aut nisi quasi. Dolore non expedita maiores corrupti molestias. Modi numquam est sunt voluptatum vero. Dolores esse voluptas consectetur quae voluptatibus autem.', 0, '2019-10-18 06:02:04', '2019-10-18 06:02:04'),
(92, 16, 'May Bins', 'Velit sed ea dicta aut ut voluptatem quis. Voluptatem et iusto ullam quos et. Aut enim fugiat tenetur enim nemo quod voluptatum. Id quod error vero molestiae blanditiis.', 3, '2019-10-18 06:02:04', '2019-10-18 06:02:04'),
(93, 39, 'Burnice Maggio', 'Rem qui similique sunt. Repellat magni tempore optio at laboriosam. Ipsa libero voluptatum est ut dolore dolorem.', 4, '2019-10-18 06:02:04', '2019-10-18 06:02:04'),
(94, 44, 'Lelia Jerde', 'Quam sunt adipisci a modi voluptate error perspiciatis doloribus. Corporis eos repellendus eligendi mollitia. Iure eos culpa assumenda incidunt aliquam fugit et.', 2, '2019-10-18 06:02:04', '2019-10-18 06:02:04'),
(95, 23, 'Aylin Wehner', 'A dolores optio et at dicta laboriosam. Eos quia enim error quo aut alias. Mollitia omnis consequuntur eos blanditiis illum non sed beatae. Qui veritatis autem vero voluptatem earum aut iure.', 4, '2019-10-18 06:02:05', '2019-10-18 06:02:05'),
(96, 24, 'Kendra Franecki', 'Voluptatibus debitis ut eum. Consectetur sint illo corporis vero. Quam culpa quam consectetur voluptatem odio voluptas earum. In adipisci nam aliquam quas.', 4, '2019-10-18 06:02:05', '2019-10-18 06:02:05'),
(97, 30, 'Wilbert Reichert', 'Dolores reprehenderit et laborum consequuntur explicabo. Minima quis corrupti quos repudiandae. Cupiditate rerum ut neque laborum sint quo sit blanditiis.', 1, '2019-10-18 06:02:05', '2019-10-18 06:02:05'),
(98, 40, 'Mrs. Delilah Tromp', 'Nulla dolores ipsam odit consectetur. Ducimus ea et voluptatem facilis iusto magnam nihil. Asperiores qui harum qui velit. Velit quibusdam nihil qui necessitatibus. Illum natus distinctio asperiores earum temporibus.', 4, '2019-10-18 06:02:05', '2019-10-18 06:02:05'),
(99, 18, 'Dexter Frami', 'Quo omnis laborum autem cumque ut laboriosam. Vero in dolorum sit eos voluptas omnis. Voluptate velit quam doloremque laborum vitae.', 1, '2019-10-18 06:02:05', '2019-10-18 06:02:05'),
(100, 31, 'Prof. Ashlynn Doyle PhD', 'Sed commodi repellat tempora cumque ullam. Enim exercitationem minima cumque vitae ut. Esse quae dolores dolores. Et alias sit fugiat vel laboriosam dolorem perspiciatis.', 4, '2019-10-18 06:02:05', '2019-10-18 06:02:05'),
(101, 10, 'Mitchel Schroeder IV', 'Maiores labore et laborum non impedit illum reiciendis. Animi facilis hic velit reiciendis. Est placeat aliquid possimus quis consequatur. Minus est illum nemo doloribus. Soluta quae in sequi tenetur.', 0, '2019-10-18 06:02:05', '2019-10-18 06:02:05'),
(102, 31, 'Maximilian Hill', 'Ipsam veniam dolorum rerum tempora. Illo est mollitia cum consequuntur iste nobis. Eos molestiae quo in dolorem similique.', 4, '2019-10-18 06:02:05', '2019-10-18 06:02:05'),
(103, 21, 'Duane Hermann', 'Doloremque cum esse cumque. Quia excepturi praesentium doloremque et qui. Velit quisquam facere incidunt provident. Commodi ipsam qui debitis exercitationem accusantium eveniet. Soluta ea alias qui id.', 3, '2019-10-18 06:02:05', '2019-10-18 06:02:05'),
(104, 38, 'Ms. Crystal Gislason I', 'Consequatur aliquid ratione modi labore unde repellendus est. Quam qui et laborum et. Et quia temporibus pariatur molestias ut sit quod. Reprehenderit hic maxime ea harum. Ut voluptas magni ut sint accusamus ut.', 2, '2019-10-18 06:02:05', '2019-10-18 06:02:05'),
(105, 32, 'Dr. Nelle Witting', 'Quam tempora est dolores iure dolor. Et ipsam sed consectetur. Nostrum corrupti vel laborum cupiditate.', 2, '2019-10-18 06:02:05', '2019-10-18 06:02:05'),
(106, 12, 'Art Morissette', 'Quas voluptatibus qui ipsam adipisci. Dolorem eligendi eum qui quia. Molestias omnis qui dolorem nisi quia placeat consequatur nam.', 1, '2019-10-18 06:02:05', '2019-10-18 06:02:05'),
(107, 8, 'Kelton Cummings', 'Illo hic voluptate ea accusantium consequatur perspiciatis aliquam omnis. Sed voluptates dignissimos ratione officia est. Molestiae rerum consequuntur qui libero.', 5, '2019-10-18 06:02:05', '2019-10-18 06:02:05'),
(108, 11, 'Callie Kerluke', 'Eum et repudiandae rem aut fugiat molestias. Laborum quod tenetur autem molestiae rem voluptate omnis. Quo ab nesciunt eum et assumenda illum. Eaque culpa eius eaque aliquam.', 3, '2019-10-18 06:02:05', '2019-10-18 06:02:05'),
(109, 24, 'Joannie Stokes', 'Maiores accusamus optio quo libero. Voluptas est quae voluptatum vitae a dolore laborum repudiandae. Dolores omnis qui expedita alias et deleniti numquam. Et ad quo velit.', 0, '2019-10-18 06:02:05', '2019-10-18 06:02:05'),
(110, 11, 'Clair Volkman DVM', 'Quae et et fuga non ut incidunt. Eaque enim optio itaque corporis. Ut ad iusto in et non ab voluptas. Non laborum quia voluptatem minus possimus laborum.', 0, '2019-10-18 06:02:05', '2019-10-18 06:02:05'),
(111, 17, 'Trace Berge', 'Dolore molestiae est maiores ullam sit et. Dolorem nam corporis sint voluptate quo.', 3, '2019-10-18 06:02:05', '2019-10-18 06:02:05'),
(112, 45, 'Dr. Tiara Crona DVM', 'Ea dicta eos unde eveniet dolor vero ipsa. Rerum inventore officia rerum. Vitae enim consequatur facere et fuga tempora enim delectus. Est odio omnis tempora deserunt culpa quam eaque.', 2, '2019-10-18 06:02:05', '2019-10-18 06:02:05'),
(113, 29, 'Isabell Kozey', 'Quia adipisci cum maxime ipsum consectetur rem nobis est. Vitae dolores esse veniam fugiat id minus. Itaque maxime quisquam eum tempore. Omnis a rerum autem ut voluptatem.', 5, '2019-10-18 06:02:05', '2019-10-18 06:02:05'),
(114, 27, 'Jake Hegmann', 'Totam quia eius architecto et veniam dolores maxime. Et et deserunt alias amet quis animi quae. Sed sint quo esse qui unde nihil dolorem eaque. Necessitatibus praesentium ut rerum ut nulla labore. Est aut voluptatibus deserunt sint.', 4, '2019-10-18 06:02:06', '2019-10-18 06:02:06'),
(115, 21, 'Ms. Kailee Ortiz II', 'Consequatur quo voluptates quos molestiae. Ratione aut vitae et aut. Veniam voluptatem eos aliquid blanditiis.', 1, '2019-10-18 06:02:06', '2019-10-18 06:02:06'),
(116, 4, 'Mr. Darrin Aufderhar Jr.', 'Ut in aut et et eligendi praesentium. Ducimus exercitationem velit debitis. Quia rerum consequatur officiis et nulla harum consequuntur. Et earum occaecati id voluptatum.', 5, '2019-10-18 06:02:06', '2019-10-18 06:02:06'),
(117, 5, 'Aliyah Daugherty', 'Sint autem rerum distinctio alias distinctio voluptates. Quis nisi labore repellat tempora quia. Consequatur optio quia numquam dolor et deserunt hic.', 5, '2019-10-18 06:02:06', '2019-10-18 06:02:06'),
(118, 11, 'Kathleen Skiles', 'Qui eum ducimus illo ad praesentium iste maiores. Est labore ut nihil et nihil voluptatem perspiciatis. Et ad officia omnis atque et.', 3, '2019-10-18 06:02:06', '2019-10-18 06:02:06'),
(119, 29, 'Miss Polly Paucek', 'Voluptatem aut itaque est minus. Eligendi alias iusto libero assumenda accusantium alias.', 5, '2019-10-18 06:02:06', '2019-10-18 06:02:06'),
(120, 37, 'Roxanne Reichel', 'Laboriosam neque voluptas cupiditate ex. Esse maxime possimus magni veniam maiores et. Vero perferendis quae quod aperiam explicabo labore culpa. Eos at alias occaecati molestias.', 5, '2019-10-18 06:02:06', '2019-10-18 06:02:06'),
(121, 38, 'Arlie Ward', 'Est repellendus est rerum eos quia sit. Iusto ut in aliquid maxime illum quas et. Blanditiis eligendi quaerat sed. Voluptatem eum et et sit perferendis amet voluptatum ea. Eveniet quos dicta ipsum quia quis expedita quibusdam autem.', 5, '2019-10-18 06:02:06', '2019-10-18 06:02:06'),
(122, 44, 'Mrs. Emmy Ruecker', 'Perferendis quidem beatae iste vel. Quod consectetur qui iusto ab voluptatem et sed. Repellendus reiciendis quidem dolore et non non. Qui minima autem voluptatem asperiores quo voluptate enim. Inventore id officiis in quam ex accusantium occaecati.', 5, '2019-10-18 06:02:06', '2019-10-18 06:02:06'),
(123, 11, 'Celestino Bergstrom', 'Hic velit fuga nulla saepe nihil aperiam soluta. Rerum nemo maiores est nisi corporis eligendi eos quae. Numquam animi ex aut quasi in maiores. Hic est aperiam voluptas ut soluta.', 1, '2019-10-18 06:02:06', '2019-10-18 06:02:06'),
(124, 48, 'Dr. Roderick Cruickshank', 'Aspernatur corrupti facilis error et. Nesciunt similique iusto reprehenderit dolorem omnis ipsa qui. Rerum aperiam nam et voluptas.', 5, '2019-10-18 06:02:06', '2019-10-18 06:02:06'),
(125, 18, 'Cornelius VonRueden', 'Aut quam placeat ullam voluptate cum nemo. Dolorem amet repudiandae ipsa voluptas aut quis doloremque perspiciatis. Velit exercitationem dolore accusamus et laboriosam voluptate ut.', 5, '2019-10-18 06:02:06', '2019-10-18 06:02:06'),
(126, 33, 'Kaylin O\'Kon', 'Sunt est qui nihil. Voluptatum molestias totam porro commodi. Fugit voluptates aut ea. Natus rerum aut libero blanditiis praesentium sunt quis.', 0, '2019-10-18 06:02:06', '2019-10-18 06:02:06'),
(127, 47, 'Issac Hayes', 'Aut quia voluptatem dolorem quia nihil. Ab est ut inventore est. Et pariatur accusamus repellendus necessitatibus dolore voluptas.', 4, '2019-10-18 06:02:06', '2019-10-18 06:02:06'),
(128, 27, 'Willie Kirlin', 'Aut harum minus mollitia sint voluptatum. Nihil odio aut consequatur cupiditate eaque. Minus suscipit et quod iusto ut. Beatae exercitationem laborum et et consequatur et voluptate.', 3, '2019-10-18 06:02:06', '2019-10-18 06:02:06'),
(129, 3, 'Alexandre Nikolaus V', 'Eum accusantium dolorem dolorem aut ipsa. Facilis libero et officiis est sit.', 4, '2019-10-18 06:02:06', '2019-10-18 06:02:06'),
(130, 39, 'Precious Schiller', 'Tempora similique nemo accusantium aliquid nostrum et placeat. Ipsum ex repudiandae sit vitae dolor consectetur quia. Ut qui et officiis ut.', 3, '2019-10-18 06:02:06', '2019-10-18 06:02:06'),
(131, 31, 'Nico Ernser DDS', 'Quos laboriosam ipsa aperiam illo. Modi aut est molestias. Laboriosam illo facilis et sed qui rerum. Minus fugit accusantium corporis. Magni autem dolores modi iste consequatur dolores.', 2, '2019-10-18 06:02:06', '2019-10-18 06:02:06'),
(132, 22, 'Prof. Nathanial Kohler PhD', 'Vel odio iusto qui error et totam doloribus. Inventore ut occaecati rem officiis. Est adipisci omnis sint officiis doloribus magnam. Laboriosam voluptatum autem eum sint et rerum corporis.', 2, '2019-10-18 06:02:06', '2019-10-18 06:02:06'),
(133, 30, 'Agnes Harber MD', 'Et alias nam voluptas laudantium pariatur exercitationem eius. Nihil voluptas sit temporibus porro vitae optio quo. Nobis est deleniti non fuga. Iusto quos sequi consequatur temporibus velit ipsam iure.', 3, '2019-10-18 06:02:07', '2019-10-18 06:02:07'),
(134, 21, 'Lauriane Lind', 'Quo recusandae magni recusandae voluptate cumque. Totam id eos mollitia et. Qui voluptas inventore exercitationem eius quo ratione commodi voluptatum. Perspiciatis mollitia vero rerum alias.', 5, '2019-10-18 06:02:07', '2019-10-18 06:02:07'),
(135, 5, 'Maybell Konopelski', 'Fugit quo et culpa tempora. Ut velit porro quis nemo nihil et numquam molestias. Veniam nihil laudantium maxime id qui magni optio. Ex ratione aspernatur quo voluptatem. Voluptate omnis et rerum sunt dolor modi aut.', 5, '2019-10-18 06:02:07', '2019-10-18 06:02:07'),
(136, 49, 'Alene Nitzsche', 'Quia nihil sed totam reprehenderit laborum autem voluptate. Voluptatum culpa dolor voluptates vitae. Et corporis corrupti et quod impedit.', 5, '2019-10-18 06:02:07', '2019-10-18 06:02:07'),
(137, 47, 'Tobin McClure', 'Quasi quaerat similique autem voluptatum omnis nesciunt. Asperiores corporis eum harum est recusandae vel dolores. Quod vel voluptates officia voluptas saepe. Eum quo eum iure eos. Eos praesentium repellat eum voluptatem id.', 4, '2019-10-18 06:02:07', '2019-10-18 06:02:07'),
(138, 45, 'Jacinto Satterfield', 'Beatae dolor voluptas quis rerum adipisci et incidunt laborum. Magnam quis et eum quis. Commodi eos deserunt eligendi enim veritatis.', 4, '2019-10-18 06:02:07', '2019-10-18 06:02:07'),
(139, 17, 'Sigmund Luettgen', 'Mollitia repellendus enim harum esse sed consectetur. Error amet ducimus necessitatibus magni. Soluta debitis dolore et et.', 3, '2019-10-18 06:02:07', '2019-10-18 06:02:07'),
(140, 38, 'Lacey Kohler V', 'Quasi eveniet ab accusantium rerum sint in ut. Dolorum aliquam mollitia earum veniam sunt eligendi fugiat. Sit quaerat doloremque reprehenderit odit. Ea sit at cupiditate iusto sunt dolorum. Deleniti culpa saepe et consectetur voluptatem aut perspiciatis.', 2, '2019-10-18 06:02:07', '2019-10-18 06:02:07'),
(141, 35, 'Ova Friesen', 'Et et minima sit dignissimos nihil. Eum voluptates ducimus ut accusantium ut. Minima sunt sunt enim aut ipsam.', 0, '2019-10-18 06:02:07', '2019-10-18 06:02:07'),
(142, 23, 'Gladys Hintz Sr.', 'Ut doloribus blanditiis placeat debitis. Ullam illo aliquam modi perspiciatis assumenda ducimus.', 1, '2019-10-18 06:02:07', '2019-10-18 06:02:07'),
(143, 48, 'Orville Prosacco', 'Velit eius atque sint quis libero. Modi iste doloremque amet magnam blanditiis error. Tempore possimus temporibus ut alias animi. Dolores quia inventore recusandae aut quidem nobis.', 5, '2019-10-18 06:02:07', '2019-10-18 06:02:07'),
(144, 45, 'Aaliyah Ruecker', 'Et nostrum placeat est eveniet et. Similique unde nulla quaerat. Sed deserunt voluptatem vitae voluptate similique itaque recusandae. Voluptatem qui voluptas explicabo quia. Numquam et velit vero cum ut voluptatibus et.', 1, '2019-10-18 06:02:07', '2019-10-18 06:02:07'),
(145, 37, 'Lavina Aufderhar', 'Id ut excepturi vitae expedita perspiciatis fuga doloribus dolor. Consequatur rerum qui veritatis ad laboriosam est magnam. Qui provident ut impedit quia aspernatur molestias ut.', 0, '2019-10-18 06:02:07', '2019-10-18 06:02:07'),
(146, 19, 'Nicola Hahn', 'Voluptas rem harum repellendus rerum dolore sed accusantium et. Aut ut in ducimus beatae quam. Sed molestias praesentium nam vitae sunt consequatur nostrum. Nisi aut molestias quia atque.', 5, '2019-10-18 06:02:07', '2019-10-18 06:02:07'),
(147, 21, 'Angela Mayer', 'Cumque enim voluptatem non beatae eos reiciendis est. Voluptate dolorem distinctio nesciunt nam nulla. Ipsum iure dolorum rerum alias inventore maiores vel. Ut quaerat ipsam expedita debitis ratione inventore eos.', 5, '2019-10-18 06:02:07', '2019-10-18 06:02:07'),
(148, 36, 'Mr. Angel Donnelly', 'Impedit ut eaque quibusdam suscipit voluptatem sit et. Rerum cumque voluptatem ipsum.', 2, '2019-10-18 06:02:07', '2019-10-18 06:02:07'),
(149, 46, 'Carlie Langworth', 'Quas laudantium voluptatem voluptates quas voluptas est. Quia sed et quisquam et exercitationem. Qui molestiae officia veniam ex id et voluptatibus.', 4, '2019-10-18 06:02:07', '2019-10-18 06:02:07'),
(150, 6, 'Dr. Chase Schoen', 'Nulla nihil saepe soluta ut inventore. Tempore beatae adipisci eius reiciendis molestiae. Totam soluta omnis quae voluptas ducimus magni ipsam. Voluptas eaque omnis dignissimos aut dignissimos.', 2, '2019-10-18 06:02:07', '2019-10-18 06:02:07'),
(151, 42, 'Mr. Arno Kunde', 'Eum quaerat recusandae laudantium rerum et iste. Nihil accusantium consequuntur occaecati quos perferendis. In illo consequatur iusto minima sed consequuntur.', 4, '2019-10-18 06:02:07', '2019-10-18 06:02:07'),
(152, 47, 'Prof. Jordyn Olson DDS', 'Ut ad fugiat molestias. Ea voluptatem iste dolores aliquid ullam. Ipsam voluptas beatae ut voluptas excepturi eaque.', 4, '2019-10-18 06:02:08', '2019-10-18 06:02:08'),
(153, 6, 'Mrs. Florine Krajcik', 'Consequatur blanditiis occaecati et exercitationem nulla eveniet rerum autem. Facilis id nostrum vel est porro. Qui voluptas excepturi et ratione. Officia nobis corrupti omnis cum quia voluptas neque.', 0, '2019-10-18 06:02:08', '2019-10-18 06:02:08'),
(154, 46, 'Dr. Flo Hackett Sr.', 'Sed provident eveniet ullam nam perferendis ullam vitae. Odit eum est voluptatem voluptas dignissimos deleniti.', 0, '2019-10-18 06:02:08', '2019-10-18 06:02:08'),
(155, 5, 'Ms. Hope Cummings MD', 'Esse pariatur natus labore iure a. Eos voluptatibus id provident nesciunt tempore vel. Est deleniti eum ad.', 1, '2019-10-18 06:02:08', '2019-10-18 06:02:08'),
(156, 6, 'Ms. Alysson Schneider', 'Commodi repellat dolor rerum aspernatur dolore. Ipsa qui et impedit at. Exercitationem animi fuga vero alias ad eaque incidunt.', 3, '2019-10-18 06:02:08', '2019-10-18 06:02:08'),
(157, 20, 'Dr. Jamir Jacobson', 'Accusantium consequatur optio soluta in officia sed. Et aut sit eaque natus non. Dicta ut est ut quis adipisci. Porro voluptates ut qui odit. Numquam quis qui et laboriosam.', 1, '2019-10-18 06:02:08', '2019-10-18 06:02:08'),
(158, 37, 'Zora Schmitt', 'Ipsam dicta enim doloribus. Pariatur et quia id. Facilis et rem totam dolores excepturi reiciendis.', 5, '2019-10-18 06:02:08', '2019-10-18 06:02:08'),
(159, 29, 'Felton Brown', 'Accusantium est voluptatem nihil pariatur et non. Doloremque consectetur aut architecto.', 5, '2019-10-18 06:02:08', '2019-10-18 06:02:08'),
(160, 44, 'Troy Beahan', 'Numquam sit pariatur dolore quo. Totam nostrum consequuntur placeat aut ut enim. Sit illum dolores commodi necessitatibus eaque et cumque nihil. Est harum reiciendis accusamus et assumenda.', 5, '2019-10-18 06:02:08', '2019-10-18 06:02:08'),
(161, 6, 'Sammie Schultz', 'Perferendis velit amet maiores cupiditate. Nihil sed voluptatum id et consequuntur quia. Numquam pariatur inventore quia sed. Dolor enim sunt perferendis neque non.', 1, '2019-10-18 06:02:08', '2019-10-18 06:02:08'),
(162, 27, 'Prof. Barton Collins', 'Rerum quia quia praesentium fugit debitis cupiditate. Explicabo consequatur et ut. Ut eum voluptate maxime minima in. Iste nemo alias consequatur qui ea eligendi molestiae.', 4, '2019-10-18 06:02:08', '2019-10-18 06:02:08'),
(163, 37, 'Wayne Carter', 'Consequatur et asperiores debitis dolore similique. Illo explicabo enim aspernatur error. Quia rem vitae eveniet possimus illo laudantium iste totam. Excepturi consequatur est voluptatem pariatur.', 2, '2019-10-18 06:02:08', '2019-10-18 06:02:08'),
(164, 12, 'Justus Gorczany', 'Ut magnam totam ullam dolor. Omnis et ratione et sunt molestias perspiciatis. Quo praesentium nihil repellendus voluptatem nobis laudantium quos.', 3, '2019-10-18 06:02:08', '2019-10-18 06:02:08'),
(165, 50, 'Aliya Leannon DDS', 'Perferendis a quis dolorum nihil. Quia exercitationem omnis molestiae expedita est aspernatur aut placeat. Occaecati repudiandae itaque sit nobis corporis aperiam. Qui ducimus tempore debitis.', 1, '2019-10-18 06:02:08', '2019-10-18 06:02:08'),
(166, 42, 'Prof. Tito Olson', 'Sint et aspernatur molestiae aliquam at. Incidunt et eum architecto libero nisi enim exercitationem. Accusamus magnam deserunt optio quaerat consequatur nostrum qui.', 2, '2019-10-18 06:02:08', '2019-10-18 06:02:08'),
(167, 29, 'Derek Stoltenberg III', 'Omnis perspiciatis dolorem quo velit minima recusandae. Quo ex corporis unde aliquid qui magnam labore modi.', 1, '2019-10-18 06:02:08', '2019-10-18 06:02:08'),
(168, 19, 'Mr. Oscar Yundt DVM', 'Rerum rerum voluptas repellendus ducimus vero animi error. Aut non optio quam. Exercitationem rem dolorum dolor voluptates.', 5, '2019-10-18 06:02:08', '2019-10-18 06:02:08'),
(169, 11, 'Prof. Dannie Jacobs DVM', 'Qui aut officiis aut repudiandae nesciunt molestiae. Consequatur velit facilis nihil aut est. Aliquid ut reiciendis illo.', 1, '2019-10-18 06:02:08', '2019-10-18 06:02:08'),
(170, 35, 'Ms. Araceli Bartoletti', 'Quia maxime tempora deleniti mollitia dolorem et. Officiis iste exercitationem omnis incidunt et ullam. Delectus accusantium qui distinctio esse voluptatum.', 3, '2019-10-18 06:02:08', '2019-10-18 06:02:08'),
(171, 33, 'Idella Hyatt', 'Nulla dolores vel eum inventore. Officia assumenda quisquam enim ad labore. Cumque tenetur non quo et molestiae. Aliquam omnis temporibus dolores.', 1, '2019-10-18 06:02:08', '2019-10-18 06:02:08'),
(172, 23, 'Frederick Goldner', 'Cumque qui quae eius ut. Ipsa architecto labore laboriosam impedit suscipit a quo. Beatae corrupti adipisci ducimus ipsa nisi omnis ea. Debitis similique sed officiis eum.', 2, '2019-10-18 06:02:08', '2019-10-18 06:02:08'),
(173, 28, 'Hazle Hayes', 'Accusamus aut est aliquid maxime cupiditate eos maxime. Ipsam facilis quis provident similique. Velit quia tempore odio molestiae.', 2, '2019-10-18 06:02:08', '2019-10-18 06:02:08'),
(174, 1, 'Prof. Gennaro Denesik', 'Enim excepturi ut ut quasi quis cum ut. Nisi autem alias maxime quis maxime. Dolore ea ut soluta quis non. Placeat qui voluptates dolor ut voluptates ut ad.', 3, '2019-10-18 06:02:08', '2019-10-18 06:02:08'),
(175, 20, 'Cecil Kunze', 'Reprehenderit facilis accusamus ut occaecati ut eum dolore. Molestiae est deserunt corrupti et sint. Laborum rerum occaecati illum neque architecto quia. Assumenda qui omnis est quae et ex.', 4, '2019-10-18 06:02:08', '2019-10-18 06:02:08'),
(176, 28, 'Meggie Hermann', 'Iusto consectetur eum vero ut. Molestiae delectus debitis aut culpa. Rerum quis ut temporibus dolor tenetur asperiores. Qui in amet eaque voluptas sunt id. Est nihil repellendus eligendi debitis et libero sit.', 1, '2019-10-18 06:02:08', '2019-10-18 06:02:08'),
(177, 32, 'Dr. Andrew Hand', 'Saepe nihil incidunt esse quibusdam similique minus. Harum aspernatur recusandae ut autem laborum. Qui qui eos consequatur. Molestiae minima unde illum repellendus. Laudantium eos nisi sequi.', 0, '2019-10-18 06:02:08', '2019-10-18 06:02:08'),
(178, 20, 'Prof. Edgar Okuneva', 'Culpa qui veritatis saepe dolor. Molestiae ut eum ipsa ipsa ullam. Non nesciunt aut enim eum. Aut dolores ex iste cumque aut. Magni quo ex vel cupiditate in pariatur voluptatem.', 2, '2019-10-18 06:02:08', '2019-10-18 06:02:08'),
(179, 42, 'Noemie Howell Jr.', 'Enim dolorem corrupti vel quibusdam soluta est voluptas. Officiis nemo velit sunt. Sapiente officia voluptatem doloremque dolores aspernatur recusandae. Et totam dolorem vero omnis et magni est.', 0, '2019-10-18 06:02:08', '2019-10-18 06:02:08'),
(180, 49, 'Willow Larson', 'Eos pariatur porro quos nihil id laboriosam. Et vero provident hic unde. Nihil exercitationem optio hic ut perferendis nam non. Natus mollitia laboriosam explicabo tempore recusandae.', 1, '2019-10-18 06:02:09', '2019-10-18 06:02:09'),
(181, 43, 'Miracle Aufderhar', 'Reprehenderit ratione et et sit. Facilis aut rem sequi vel. Excepturi voluptas suscipit qui in porro dolore voluptate. Excepturi excepturi delectus explicabo pariatur ut impedit iure.', 5, '2019-10-18 06:02:09', '2019-10-18 06:02:09'),
(182, 9, 'Lue Shanahan Jr.', 'Et et est tempora quis. Expedita eaque eum aut laudantium itaque. Omnis consectetur voluptatum necessitatibus inventore ab sint.', 5, '2019-10-18 06:02:09', '2019-10-18 06:02:09'),
(183, 49, 'Prof. Rylan Ankunding V', 'Quaerat sint consequatur rerum laborum. Qui officia quis distinctio quas beatae. Libero eius et nesciunt praesentium deserunt molestiae.', 0, '2019-10-18 06:02:09', '2019-10-18 06:02:09'),
(184, 10, 'Cristopher Rolfson', 'Sit rerum est sint qui et qui. Exercitationem libero incidunt vitae dicta. Rerum repudiandae eos deleniti molestias quas.', 4, '2019-10-18 06:02:09', '2019-10-18 06:02:09'),
(185, 23, 'Nichole Treutel III', 'Ex placeat magni saepe id repellat iure est. Et labore inventore aut eos aut debitis. Repellat esse suscipit similique et neque enim.', 1, '2019-10-18 06:02:09', '2019-10-18 06:02:09'),
(186, 17, 'Andrew Lehner', 'Ab quia id sint magnam voluptatem. Similique ea dignissimos dicta laborum. Facere quidem et magnam a.', 0, '2019-10-18 06:02:09', '2019-10-18 06:02:09'),
(187, 2, 'Prof. Ferne Anderson', 'Molestiae doloremque quia architecto voluptatem. Occaecati aperiam omnis et. Minima et culpa molestiae est. Officia sit voluptatibus similique id soluta.', 5, '2019-10-18 06:02:09', '2019-10-18 06:02:09'),
(188, 10, 'Prof. Janessa Kassulke PhD', 'Aspernatur qui fugiat dolorem sint explicabo. Omnis est reprehenderit et aut itaque. Fuga dicta autem officiis doloribus optio in molestiae dolores. Nemo facilis porro molestiae tempora architecto cum blanditiis. Expedita libero pariatur hic consectetur reprehenderit ipsam hic.', 0, '2019-10-18 06:02:09', '2019-10-18 06:02:09'),
(189, 12, 'Ms. Katelynn Cole DDS', 'Quaerat minima voluptatibus soluta voluptatem. Consequuntur mollitia nulla et molestiae voluptatem mollitia. Incidunt id odit veritatis. Ullam sit beatae laboriosam iure voluptatibus animi quos distinctio.', 0, '2019-10-18 06:02:09', '2019-10-18 06:02:09'),
(190, 34, 'Mariane Wilderman', 'Dolores ut neque vitae repudiandae. Impedit nulla accusamus laudantium ea minima. Tempore voluptatibus eos dolor necessitatibus aut.', 1, '2019-10-18 06:02:09', '2019-10-18 06:02:09'),
(191, 7, 'Lue Bogisich', 'Enim aliquid facilis nemo et corporis voluptates quia. Deserunt blanditiis cupiditate temporibus quis aut optio. Et tenetur veniam rerum corrupti. Quo commodi earum suscipit modi.', 1, '2019-10-18 06:02:09', '2019-10-18 06:02:09'),
(192, 40, 'Mathias Mosciski', 'Illum illum deleniti animi temporibus. Qui ipsa dolor tenetur ullam sit. Quam in recusandae sed consectetur rerum. Et qui sunt et officiis magni est.', 1, '2019-10-18 06:02:09', '2019-10-18 06:02:09'),
(193, 2, 'Ms. Constance Weissnat IV', 'Ipsum iste autem molestias ut beatae vel. Perferendis ut sed soluta tenetur dolore. Error omnis enim asperiores. Quo totam commodi qui aut esse ut pariatur.', 3, '2019-10-18 06:02:09', '2019-10-18 06:02:09'),
(194, 46, 'Evelyn Bradtke V', 'Sunt odio placeat ut unde qui molestiae tempora nobis. Exercitationem dolores dolore quos rerum. Consequuntur ipsam saepe asperiores est. Quia expedita ut nesciunt architecto.', 4, '2019-10-18 06:02:09', '2019-10-18 06:02:09'),
(195, 48, 'Chase Rutherford', 'Consequatur eum ut quibusdam eligendi amet quia delectus beatae. Autem aut eos dicta vero facilis velit. Cum quas itaque est iusto.', 1, '2019-10-18 06:02:09', '2019-10-18 06:02:09'),
(196, 16, 'Elinor Terry', 'Qui voluptas vel aliquid vel rerum quis quo recusandae. Sequi cumque nostrum ducimus est corrupti. Voluptatibus nesciunt qui maiores. Corrupti quos amet atque dignissimos autem.', 1, '2019-10-18 06:02:09', '2019-10-18 06:02:09'),
(197, 49, 'Ms. Simone Bode DDS', 'Sunt repudiandae aut vel et distinctio ea sed. Ab omnis distinctio qui dolor aliquam non repellat. Omnis incidunt qui est modi provident tenetur. Temporibus sequi laudantium quibusdam sed deleniti. Vitae at dolorem repellendus at modi aspernatur aliquid.', 0, '2019-10-18 06:02:09', '2019-10-18 06:02:09'),
(198, 33, 'Prof. Marvin Spencer Jr.', 'Voluptatem tempora voluptates officiis nisi. Voluptates voluptas voluptas non minima aperiam impedit. Reprehenderit laboriosam at labore.', 0, '2019-10-18 06:02:09', '2019-10-18 06:02:09'),
(199, 17, 'Miss Cindy Lueilwitz', 'Odit dolorem ut quas fuga odit est animi. Culpa voluptatum quibusdam quos. Facere neque omnis dignissimos non rem. Beatae non sit error quibusdam quod et totam. Aut dignissimos fugiat ab dicta aperiam consectetur amet.', 0, '2019-10-18 06:02:09', '2019-10-18 06:02:09'),
(200, 20, 'Miss Ashlee Conroy', 'Suscipit debitis accusamus ut assumenda id. Aut ducimus rerum qui excepturi id ut cum. Maxime blanditiis repellendus ut commodi voluptas.', 5, '2019-10-18 06:02:09', '2019-10-18 06:02:09'),
(201, 50, 'Fletcher Kirlin', 'Laudantium consequatur placeat voluptatem ut aliquam eveniet atque. Harum culpa veniam id aut dignissimos omnis. Nisi iusto laborum adipisci odit incidunt delectus omnis.', 0, '2019-10-18 06:02:09', '2019-10-18 06:02:09'),
(202, 32, 'Raymundo Pfannerstill', 'Voluptates ut ipsa ut ad aut. Et distinctio est unde quasi eum molestiae id. Ipsum aperiam aliquam veniam impedit modi expedita. Quasi a ut sed minima at.', 1, '2019-10-18 06:02:10', '2019-10-18 06:02:10'),
(203, 6, 'Delilah DuBuque', 'Eius quia praesentium voluptatem perferendis ipsa. Illo molestias rem rerum atque. Iste illum qui commodi deserunt sit iure. Dolor quis odit ipsa et omnis deserunt.', 0, '2019-10-18 06:02:10', '2019-10-18 06:02:10');
INSERT INTO `reviews` (`id`, `product_id`, `customer`, `review`, `star`, `created_at`, `updated_at`) VALUES
(204, 15, 'Ms. Nannie Walker III', 'Reprehenderit voluptatum possimus dolorum rerum. Repellat quos numquam et natus rerum eos minima. Vel modi maiores in et. Fuga officiis beatae officiis consectetur labore perferendis est.', 4, '2019-10-18 06:02:10', '2019-10-18 06:02:10'),
(205, 11, 'Suzanne Schaefer DDS', 'Numquam magni in nostrum ut. Velit ratione quis suscipit quo aliquid quo rerum et. Necessitatibus expedita sed ex iste.', 4, '2019-10-18 06:02:10', '2019-10-18 06:02:10'),
(206, 23, 'August Treutel I', 'Quos voluptatem odit voluptas molestiae quaerat molestiae aperiam. Quasi et assumenda cum et nesciunt impedit alias dignissimos. Ea vel cupiditate optio error nam dolores nobis.', 5, '2019-10-18 06:02:10', '2019-10-18 06:02:10'),
(207, 45, 'Prof. Lisa Ledner MD', 'Dolor sunt qui quam consequatur distinctio sint ex. Aut temporibus eius aliquam nobis pariatur in quos dolor. Praesentium vel exercitationem earum voluptatem blanditiis repellat.', 0, '2019-10-18 06:02:10', '2019-10-18 06:02:10'),
(208, 25, 'Larissa Kuvalis PhD', 'Aut numquam aut at laborum quis id. Tenetur sapiente expedita autem fugit blanditiis sapiente rem ipsam. Qui et provident sequi quia saepe sed est. Dolor dolorum voluptatem est inventore.', 0, '2019-10-18 06:02:10', '2019-10-18 06:02:10'),
(209, 8, 'Miss Abigail Aufderhar', 'Repellat amet amet et excepturi aut et. Vitae occaecati voluptatum sit est consequatur enim. Fugit qui dolor debitis fugit et et quo. Id id quas vitae molestiae ea maxime minus.', 3, '2019-10-18 06:02:10', '2019-10-18 06:02:10'),
(210, 50, 'Dr. Isaias Langosh', 'Vel omnis nobis dolor qui rerum est. Et hic sequi consequuntur magni ipsum id inventore odit. Minima voluptatum assumenda iure asperiores. Sed aut ut voluptas porro.', 0, '2019-10-18 06:02:10', '2019-10-18 06:02:10'),
(211, 4, 'Dr. Stevie Bergstrom', 'Quia est et eligendi molestiae numquam ut. Voluptatem quasi ipsa vel consequatur repellat ut. Eligendi est unde beatae sunt et enim accusantium. Modi alias voluptatibus itaque vero ducimus.', 2, '2019-10-18 06:02:10', '2019-10-18 06:02:10'),
(212, 49, 'Dr. Christopher Crist I', 'Ratione neque rerum quo mollitia culpa vero. Autem et amet doloremque quidem architecto veniam quam. Doloremque dolore qui incidunt quo consequatur odio eaque. Provident est atque harum.', 3, '2019-10-18 06:02:10', '2019-10-18 06:02:10'),
(213, 35, 'Freddy Roob', 'Aut dolores reprehenderit perspiciatis qui esse facere. Et fugiat tempore voluptates facilis est tempore. Nihil quos illo iure nostrum perspiciatis libero.', 1, '2019-10-18 06:02:10', '2019-10-18 06:02:10'),
(214, 12, 'Prof. Howard Fritsch IV', 'Ut sunt dolorem unde omnis nihil amet. Expedita et similique aut aut error perspiciatis iusto. Vel libero corrupti inventore magni.', 2, '2019-10-18 06:02:10', '2019-10-18 06:02:10'),
(215, 11, 'Vance Little', 'Rerum consequatur minima quia sed. Ratione cupiditate doloribus corporis voluptas reprehenderit. Esse laboriosam sit aperiam voluptatem. Ipsa quis quaerat atque sequi ab similique consequatur.', 0, '2019-10-18 06:02:10', '2019-10-18 06:02:10'),
(216, 10, 'Dr. Gisselle Trantow MD', 'Est nesciunt laborum ut voluptas voluptatem est. Nostrum quidem nostrum quisquam illo. Deleniti quo aut quaerat ut debitis nisi. Sequi ullam ea et non voluptatem libero. Quia aut mollitia iure vel.', 1, '2019-10-18 06:02:10', '2019-10-18 06:02:10'),
(217, 47, 'Beth Gleason', 'Facilis voluptates ratione eum nihil occaecati aut enim. Rerum deserunt repellat nostrum sint et voluptate fugit nihil. Magni nisi quas mollitia qui quibusdam.', 0, '2019-10-18 06:02:10', '2019-10-18 06:02:10'),
(218, 13, 'Prof. Cora Reinger III', 'Praesentium harum voluptas necessitatibus sit sunt. Doloribus quae doloremque aut velit explicabo neque. Doloremque in qui numquam repellendus dolorum aut culpa est.', 1, '2019-10-18 06:02:10', '2019-10-18 06:02:10'),
(219, 15, 'Syble Kessler V', 'Consequatur perspiciatis ut voluptatem aliquam aut. Quae vel voluptate odio. Optio eligendi minima labore eveniet eum culpa velit earum. Fuga iste in unde.', 2, '2019-10-18 06:02:10', '2019-10-18 06:02:10'),
(220, 15, 'Kayleigh Kunde', 'Reiciendis explicabo nulla architecto autem molestiae nam quaerat. Eligendi quia illo ipsam numquam velit dignissimos. Incidunt id quae eum odio omnis. Ut praesentium quo expedita in.', 4, '2019-10-18 06:02:10', '2019-10-18 06:02:10'),
(221, 44, 'Jacey Hyatt', 'Distinctio eum voluptatem repudiandae fugit facere molestiae ad est. Cum perspiciatis quia commodi doloremque cupiditate reprehenderit a excepturi. Quod nobis iste tempore ut nihil et.', 5, '2019-10-18 06:02:10', '2019-10-18 06:02:10'),
(222, 2, 'Randy Satterfield PhD', 'Rerum sunt odio est. Cum totam doloremque molestiae et. Nam et eligendi recusandae architecto.', 4, '2019-10-18 06:02:10', '2019-10-18 06:02:10'),
(223, 32, 'Janie Gutkowski II', 'In rem aspernatur quas aliquid vel tempora. Non rerum deleniti rerum voluptatem autem. Error sit voluptatibus sequi.', 2, '2019-10-18 06:02:10', '2019-10-18 06:02:10'),
(224, 39, 'Logan Larson', 'Dolorum ut eius velit quia. Laudantium impedit voluptatum dicta odit. Consequatur delectus incidunt sunt deleniti eius.', 1, '2019-10-18 06:02:10', '2019-10-18 06:02:10'),
(225, 43, 'Dr. Jessyca Klein II', 'Perferendis blanditiis laboriosam quaerat unde aut. Ex doloribus fuga qui illum porro aperiam qui. Nihil hic perferendis laborum modi omnis perferendis suscipit.', 3, '2019-10-18 06:02:10', '2019-10-18 06:02:10'),
(226, 6, 'Elaina Pacocha', 'Quae aspernatur culpa recusandae eum doloribus. Iure et ut facere sed eum ipsa sunt.', 3, '2019-10-18 06:02:11', '2019-10-18 06:02:11'),
(227, 20, 'Lemuel Cartwright', 'Sed ea vel odio quidem. Laudantium officiis aspernatur pariatur atque et totam. Necessitatibus quaerat voluptas necessitatibus corporis vero ea. Facere a porro commodi nobis quod quos. Repellat voluptatibus accusantium vitae est.', 1, '2019-10-18 06:02:11', '2019-10-18 06:02:11'),
(228, 10, 'Reagan Stroman', 'Omnis fugit veniam corporis at et deserunt. Similique aut laboriosam ad omnis nobis deserunt. Eos et cupiditate eos corporis aut quas.', 5, '2019-10-18 06:02:11', '2019-10-18 06:02:11'),
(229, 5, 'Prof. Mikel Lowe', 'Labore quidem commodi sint inventore ipsum. Ut rerum quibusdam sequi temporibus consectetur. Minus quibusdam saepe tempora aut sit voluptatem et.', 0, '2019-10-18 06:02:11', '2019-10-18 06:02:11'),
(230, 1, 'Ms. Ofelia Metz', 'Consequatur ut et itaque dicta natus. Rerum accusamus voluptatum et veniam veritatis autem voluptatem. Esse consequatur voluptatem vero sequi quam quidem praesentium.', 3, '2019-10-18 06:02:11', '2019-10-18 06:02:11'),
(231, 19, 'Kamren Harber', 'Earum totam consectetur magnam quos ipsa ratione. Recusandae quidem reprehenderit voluptas error optio. Adipisci rem et sapiente. Ut commodi voluptatem quia et.', 5, '2019-10-18 06:02:11', '2019-10-18 06:02:11'),
(232, 24, 'Mrs. Bernice Orn I', 'Eos optio molestiae eos voluptatem eligendi nobis sed. Blanditiis officia sed sed omnis corrupti. Ut et qui non. Aut aut hic saepe laborum.', 3, '2019-10-18 06:02:11', '2019-10-18 06:02:11'),
(233, 41, 'Susana Toy', 'Esse facilis dicta ducimus. Quia nam alias qui in consequuntur. Ex vel dolor necessitatibus occaecati corrupti.', 2, '2019-10-18 06:02:11', '2019-10-18 06:02:11'),
(234, 29, 'Neoma Jast', 'Provident qui at incidunt sed minus ea aspernatur. Et cumque distinctio est laborum. Optio unde et ut error et veritatis. Aliquid atque quia velit qui nobis ad eos soluta. Sed et facere magnam dolor culpa.', 4, '2019-10-18 06:02:11', '2019-10-18 06:02:11'),
(235, 14, 'Dallas Hoppe', 'Corrupti architecto corporis odio eum. Sunt ut adipisci veniam unde enim. Eveniet dignissimos impedit sint quia.', 3, '2019-10-18 06:02:11', '2019-10-18 06:02:11'),
(236, 41, 'Demetrius Friesen', 'Ducimus dicta blanditiis dolor laboriosam. Mollitia excepturi autem corporis.', 0, '2019-10-18 06:02:11', '2019-10-18 06:02:11'),
(237, 44, 'Jesse Konopelski', 'Doloribus sunt facere porro amet consectetur. Nobis et animi molestias vel et ex. Provident eum aut nihil vero cum doloremque. Et temporibus non et id veritatis harum quae.', 0, '2019-10-18 06:02:11', '2019-10-18 06:02:11'),
(238, 5, 'Mrs. Amelie Considine DVM', 'Quis voluptatem sint et veritatis rem animi repudiandae. Dignissimos fugit dicta libero quas. Nemo explicabo rerum nemo ut nihil iste. Nam et et unde unde voluptas.', 0, '2019-10-18 06:02:11', '2019-10-18 06:02:11'),
(239, 43, 'Prof. Kailee DuBuque MD', 'Hic sit ea aut minus. Exercitationem autem voluptatem qui repellendus facilis eaque. Unde molestiae officia explicabo maiores.', 4, '2019-10-18 06:02:11', '2019-10-18 06:02:11'),
(240, 23, 'Gladys Larkin', 'Iusto quibusdam consequatur ea et debitis est. Itaque dolorum odio optio voluptas est fugit dicta iure. Qui omnis neque enim nulla consectetur maxime sunt. Et omnis excepturi assumenda.', 3, '2019-10-18 06:02:11', '2019-10-18 06:02:11'),
(241, 14, 'Daisy Koss Sr.', 'Laboriosam rerum doloremque voluptas pariatur. Earum veniam animi accusamus porro est ad. Perferendis vero sint laborum eveniet doloremque deserunt. Possimus quia amet est qui doloribus.', 1, '2019-10-18 06:02:11', '2019-10-18 06:02:11'),
(242, 36, 'Eldridge Kozey III', 'Quia vel dolorem ut nisi. Ipsa nostrum mollitia possimus modi eos voluptas eaque.', 5, '2019-10-18 06:02:11', '2019-10-18 06:02:11'),
(243, 9, 'Louie Heathcote', 'Quo expedita praesentium et totam ut voluptate. Voluptate aut ratione recusandae cumque quaerat dolore. Qui saepe veritatis quae debitis vel officia.', 5, '2019-10-18 06:02:12', '2019-10-18 06:02:12'),
(244, 40, 'Prof. Nat Gleichner MD', 'Blanditiis odit deleniti ipsa dolorum dolores. Quia dignissimos porro non dolorem iste quia. Sed est mollitia libero necessitatibus exercitationem. Quae in at facere temporibus sit omnis blanditiis. Quibusdam est minima ipsa quidem quod qui dolores.', 0, '2019-10-18 06:02:12', '2019-10-18 06:02:12'),
(245, 33, 'Mr. Toney Corwin', 'Voluptas est et est. Velit quia quod libero ipsa quia. Cumque voluptatem aut perferendis perspiciatis illum.', 0, '2019-10-18 06:02:12', '2019-10-18 06:02:12'),
(246, 1, 'Asha Bins', 'Deleniti maiores sed quo enim. Facilis cumque quia suscipit possimus. Vel eos et dolor velit ut quaerat asperiores.', 5, '2019-10-18 06:02:12', '2019-10-18 06:02:12'),
(247, 22, 'Howell Carter', 'Quaerat nam vel sunt. Pariatur consequatur pariatur quo dignissimos aut a repellendus est. Blanditiis explicabo quo aut molestias iste qui odio. Aspernatur non quidem a ducimus dignissimos et hic.', 2, '2019-10-18 06:02:12', '2019-10-18 06:02:12'),
(248, 48, 'Dr. Elbert Grady', 'Corporis provident id hic. Molestias tenetur accusamus eos aut fuga aperiam nobis. Fuga dolores voluptatem odio tempore. Incidunt sint laudantium id repellendus reiciendis.', 5, '2019-10-18 06:02:12', '2019-10-18 06:02:12'),
(249, 20, 'Billy Schiller', 'Quia nobis autem praesentium autem. Animi similique est ut. Culpa veritatis eaque optio tempora consequatur voluptates. Unde vel dolorem quam velit rem aspernatur.', 3, '2019-10-18 06:02:12', '2019-10-18 06:02:12'),
(250, 28, 'Prof. Geovanni Kilback', 'Aliquid non sed occaecati et nulla accusamus. Qui at et fugit consectetur aut. Accusamus dicta architecto reiciendis neque. Delectus ipsum rem vero commodi rerum.', 3, '2019-10-18 06:02:12', '2019-10-18 06:02:12'),
(251, 11, 'Susanna Reinger', 'Est autem voluptas corrupti necessitatibus quis ut ea. Et quo omnis impedit et qui tempore reprehenderit. Distinctio quae quisquam pariatur qui iusto. Eum laborum distinctio voluptatem est sunt cumque consequatur cum.', 2, '2019-10-18 06:02:12', '2019-10-18 06:02:12'),
(252, 41, 'Mr. Kole Baumbach', 'Qui libero unde praesentium eligendi harum. Et eligendi ipsum et qui placeat doloribus nobis. Ut nesciunt est veniam dolor aut natus occaecati sit. Et in maxime quae molestiae beatae.', 0, '2019-10-18 06:02:12', '2019-10-18 06:02:12'),
(253, 41, 'Courtney Stiedemann', 'Odit modi saepe veniam est perferendis. Optio ut consequatur blanditiis cumque quia. Delectus et ad sit ipsum quis doloribus aperiam quidem. Occaecati consequuntur sed totam dicta.', 2, '2019-10-18 06:02:12', '2019-10-18 06:02:12'),
(254, 48, 'Hilma Heller DVM', 'Rerum velit quaerat dolores omnis perspiciatis dolores aliquam omnis. Veritatis ut minima ad accusantium et quod qui. Odio illo excepturi non esse. Occaecati iusto voluptatum pariatur ut fugit voluptatum non qui.', 1, '2019-10-18 06:02:12', '2019-10-18 06:02:12'),
(255, 5, 'Francesca Schowalter', 'Accusamus dolorem quisquam eaque velit. Repudiandae voluptatibus facere voluptates totam totam impedit. Ut dolores sit adipisci est velit voluptatibus numquam.', 2, '2019-10-18 06:02:12', '2019-10-18 06:02:12'),
(256, 18, 'Sadye Bernier', 'Est aut inventore odit ut ut molestiae. Quae autem accusamus id hic ab dolores ipsa. Aut voluptatem soluta reiciendis quam recusandae delectus modi. Harum quasi optio molestias qui.', 1, '2019-10-18 06:02:12', '2019-10-18 06:02:12'),
(257, 24, 'Mr. Simeon Koch I', 'Dolorem aut tempore dolorem laudantium possimus consectetur. Aliquam numquam vel voluptatem eum magnam amet. Nam explicabo inventore aut accusamus impedit. Deleniti et sed beatae vel.', 0, '2019-10-18 06:02:12', '2019-10-18 06:02:12'),
(258, 48, 'Jolie Dach', 'Amet voluptas ratione tempora nam officiis. Ipsa magni pariatur reiciendis dignissimos ipsam sed et. Molestiae occaecati excepturi mollitia error et. Nihil fugit vitae nemo assumenda adipisci magni.', 3, '2019-10-18 06:02:12', '2019-10-18 06:02:12'),
(259, 43, 'Stone Oberbrunner', 'Qui enim aut rerum enim est harum earum. Quod natus distinctio iste officiis quisquam eum dolorem quos. Dignissimos nemo blanditiis impedit est amet non. Ipsum numquam error dolorem.', 5, '2019-10-18 06:02:12', '2019-10-18 06:02:12'),
(260, 16, 'April Anderson IV', 'Ipsam dolor laboriosam ut nam voluptas est. Numquam ut nam ut ut. Aliquid enim alias qui vel pariatur ea.', 2, '2019-10-18 06:02:12', '2019-10-18 06:02:12'),
(261, 45, 'Gretchen Lowe', 'Cum enim asperiores quia ut beatae. Qui quae sint suscipit vero sint est labore autem. Molestias consequuntur magni autem est. Alias ipsam atque quibusdam in nam qui.', 0, '2019-10-18 06:02:12', '2019-10-18 06:02:12'),
(262, 43, 'Prof. Gwendolyn Friesen', 'Facere omnis voluptatem nemo sapiente commodi. Dolores id ad ipsam in et exercitationem.', 4, '2019-10-18 06:02:12', '2019-10-18 06:02:12'),
(263, 4, 'Burnice Stroman', 'Animi dolorem totam quae aut reiciendis eligendi fugiat. Cum ex expedita non voluptates. Minus et voluptatem dolor atque dignissimos officiis earum. Saepe delectus tenetur velit sint.', 4, '2019-10-18 06:02:13', '2019-10-18 06:02:13'),
(264, 48, 'Celestino Purdy', 'Consequatur necessitatibus quia omnis voluptate neque dolores nihil possimus. Error rerum numquam cupiditate asperiores omnis facilis quisquam.', 1, '2019-10-18 06:02:13', '2019-10-18 06:02:13'),
(265, 7, 'Miss Sophia Cormier I', 'Deserunt et qui inventore natus sint sed. Est omnis unde consequatur quia voluptas optio ut.', 3, '2019-10-18 06:02:13', '2019-10-18 06:02:13'),
(266, 39, 'Rozella Pagac', 'Sit vel soluta autem nihil qui sequi. Quis reiciendis ut doloribus odio. Blanditiis eum omnis dicta dolorem id.', 1, '2019-10-18 06:02:13', '2019-10-18 06:02:13'),
(267, 44, 'Prof. Lucius Beahan', 'Blanditiis molestiae ut ut dicta enim ut. Ipsam asperiores aut dolore consequatur quis. Possimus saepe veniam adipisci quo. Maiores fugit et velit eveniet consectetur sint.', 1, '2019-10-18 06:02:13', '2019-10-18 06:02:13'),
(268, 16, 'Lew Pacocha', 'Vero facere in et possimus. Voluptatem a sint quis. Dolorum ut nobis voluptatem tempore. Optio nesciunt impedit ex molestias sed labore.', 5, '2019-10-18 06:02:13', '2019-10-18 06:02:13'),
(269, 45, 'Lenore Maggio III', 'Odit autem ipsam quis. Quidem voluptatem veniam consequatur recusandae velit qui nisi. Sit illum nulla consequatur.', 1, '2019-10-18 06:02:13', '2019-10-18 06:02:13'),
(270, 41, 'Erica Schneider', 'Dolore sed eligendi minima eos quas. Id et reiciendis cupiditate ut maiores earum corporis aut. Neque mollitia mollitia molestiae similique non rem. Vitae voluptatibus perferendis omnis quod.', 3, '2019-10-18 06:02:13', '2019-10-18 06:02:13'),
(271, 33, 'Alexanne Davis', 'Voluptatem minus et ea suscipit. Numquam voluptas dolores eius ullam a possimus. Eaque nesciunt et possimus voluptate et autem eius.', 0, '2019-10-18 06:02:13', '2019-10-18 06:02:13'),
(272, 23, 'Orville Schuster', 'At omnis voluptatem qui et dignissimos totam. Numquam cumque est quaerat id illum aspernatur. Dolore quae sed consequuntur neque.', 5, '2019-10-18 06:02:13', '2019-10-18 06:02:13'),
(273, 34, 'Cyrus Mayert DVM', 'Ad doloribus hic amet dicta. Inventore quam iure aut quia amet. Placeat dolores vel possimus sit accusamus est rerum deserunt. Architecto ipsa optio quis maxime ut.', 4, '2019-10-18 06:02:13', '2019-10-18 06:02:13'),
(274, 32, 'Prof. Thora Jacobi', 'Debitis dicta ullam magni. Unde numquam quis sunt deserunt ab ut. Provident iste quia rem quis.', 3, '2019-10-18 06:02:13', '2019-10-18 06:02:13'),
(275, 8, 'Magdalena Ankunding', 'Tempore numquam quo sint dolor ut velit. Quod alias aut repellat officiis magni et qui laboriosam. Officia odio consequatur consectetur dolores quod impedit omnis tempora.', 3, '2019-10-18 06:02:13', '2019-10-18 06:02:13'),
(276, 32, 'Dorothy Mante', 'Distinctio et laboriosam quae odio reiciendis. Dolorem ut deserunt omnis repellendus. Molestiae aut perferendis quaerat illo et eum in.', 5, '2019-10-18 06:02:13', '2019-10-18 06:02:13'),
(277, 3, 'Mr. Alejandrin Gleason I', 'Voluptas aliquam non illum occaecati quo aut consequatur. Aut ex ut enim ut omnis. Veritatis quis unde libero ut repellat iure in. Aut iusto earum iusto dolorem commodi. Officiis autem perferendis repellat deserunt vero non.', 3, '2019-10-18 06:02:13', '2019-10-18 06:02:13'),
(278, 45, 'Isai Pfeffer', 'Sequi veritatis blanditiis repellat est. Minima ut temporibus porro. Magni et eos aliquid aliquam laudantium excepturi. Enim ex eius ipsum voluptas ex.', 4, '2019-10-18 06:02:13', '2019-10-18 06:02:13'),
(279, 17, 'Prof. Kianna McDermott V', 'Tempora iste vero minus sunt beatae. Numquam ipsam corrupti corrupti praesentium quidem soluta eos adipisci. Adipisci modi iusto iusto est rem velit sint distinctio. Ratione voluptas assumenda minima consectetur rem.', 0, '2019-10-18 06:02:13', '2019-10-18 06:02:13'),
(280, 19, 'Marianna Stanton', 'Vel suscipit est neque consequatur vel eos. Soluta praesentium distinctio occaecati expedita quia. Repudiandae autem a totam mollitia maxime ut. Nesciunt unde dolore nulla ea odio.', 4, '2019-10-18 06:02:13', '2019-10-18 06:02:13'),
(281, 49, 'Gail Cummerata', 'Saepe illo qui culpa eum reiciendis. Ipsam voluptatem rem sed officia voluptatem magni. Nihil illo modi quas aliquid ratione.', 2, '2019-10-18 06:02:13', '2019-10-18 06:02:13'),
(282, 12, 'Korey Kuvalis', 'Ex rerum ut natus unde est porro. Sit eius accusantium architecto nihil optio qui. Debitis voluptatibus enim est reprehenderit doloribus necessitatibus culpa.', 2, '2019-10-18 06:02:13', '2019-10-18 06:02:13'),
(283, 40, 'Ms. Allene Rempel I', 'Libero cupiditate fuga reprehenderit non possimus molestiae id enim. Ex veniam cupiditate ex minus culpa aut laborum. Quos consequatur esse officia quis.', 2, '2019-10-18 06:02:13', '2019-10-18 06:02:13'),
(284, 2, 'Tyrese Moore', 'Ducimus odio saepe dolores ipsum corrupti dolorem. Earum consectetur nobis officia quaerat sit voluptatem voluptates voluptatem.', 1, '2019-10-18 06:02:13', '2019-10-18 06:02:13'),
(285, 35, 'Christian Kautzer', 'Incidunt iusto exercitationem repellendus vel. Sint aperiam labore odio aut deserunt modi provident. Expedita voluptatem et tenetur facere odio.', 3, '2019-10-18 06:02:13', '2019-10-18 06:02:13'),
(286, 4, 'Jana Hartmann', 'Laborum iste voluptatem quae vero omnis ut. Dolores commodi sit quaerat. Magni cumque maiores rem deserunt. Et soluta officiis vel recusandae ut doloremque.', 5, '2019-10-18 06:02:13', '2019-10-18 06:02:13'),
(287, 34, 'Dwight Klein', 'Esse odit voluptate illum officiis unde est enim. Iste eius non nobis asperiores expedita assumenda porro modi.', 3, '2019-10-18 06:02:13', '2019-10-18 06:02:13'),
(288, 26, 'Frida Moore', 'Eius vel vero consequuntur cumque quaerat dolorem. Praesentium placeat adipisci veniam consectetur excepturi occaecati. Vel quia in est molestiae. Quidem tempora suscipit est dignissimos odio eum.', 3, '2019-10-18 06:02:13', '2019-10-18 06:02:13'),
(289, 17, 'Reginald Monahan', 'Maiores debitis nulla sint deleniti voluptatem sit. Architecto rerum qui quaerat laborum. Ut voluptatum dolor eos consectetur laboriosam nulla et vero. Voluptas eligendi natus dolores fuga quis.', 2, '2019-10-18 06:02:13', '2019-10-18 06:02:13'),
(290, 22, 'Alexandre Bergnaum', 'Assumenda nostrum suscipit earum est. Repudiandae illo totam minus iusto. Eum blanditiis culpa sit. Excepturi pariatur blanditiis expedita magni rem corporis.', 4, '2019-10-18 06:02:13', '2019-10-18 06:02:13'),
(291, 40, 'Bertha Mayert', 'Ex eos aut quibusdam consequatur tenetur dolor. Sequi consequatur non itaque veniam omnis. Tempore minus debitis id odio sint velit rerum et. Nihil aut expedita est enim excepturi ut cupiditate.', 0, '2019-10-18 06:02:13', '2019-10-18 06:02:13'),
(292, 10, 'Logan Johns', 'Voluptas possimus eum iste ipsam omnis quo. Reprehenderit ut necessitatibus natus aut animi. Itaque labore deserunt esse est laboriosam. Vero deleniti ea soluta consequatur fugiat qui.', 2, '2019-10-18 06:02:13', '2019-10-18 06:02:13'),
(293, 47, 'Javier Lesch IV', 'Qui et est eos qui. Et rerum eum aliquam modi.', 3, '2019-10-18 06:02:13', '2019-10-18 06:02:13'),
(294, 1, 'Johann Moen', 'Quibusdam vel voluptatum similique aliquid dolore est ipsam. Omnis libero fugiat suscipit aliquid voluptatem quidem. Distinctio non sint eum cum modi delectus. Facilis libero quaerat voluptatem tempora repellendus.', 5, '2019-10-18 06:02:13', '2019-10-18 06:02:13'),
(295, 19, 'Tara Turner', 'Magni sit est ut soluta libero facere. Temporibus illum eum quia atque voluptas consequatur voluptas. Quidem expedita incidunt sit ullam et optio nihil qui.', 0, '2019-10-18 06:02:13', '2019-10-18 06:02:13'),
(296, 31, 'Ron Doyle', 'Alias voluptas quia et quaerat. Aut odio rerum sint quibusdam. Earum minima id alias aut non qui magni.', 3, '2019-10-18 06:02:14', '2019-10-18 06:02:14'),
(297, 44, 'Hertha Green', 'Officiis exercitationem ipsam quod delectus unde voluptate amet. At velit provident aut consequatur voluptas ratione consequatur. Velit sed deleniti ut beatae fuga. Magnam dolorum ea assumenda dolorem eveniet aut.', 1, '2019-10-18 06:02:14', '2019-10-18 06:02:14'),
(298, 17, 'Jada Lebsack', 'Quia dolorem repudiandae odit. Libero ipsum sed rerum et omnis fugiat sit. Veritatis doloremque dolor eius et nostrum. Illo quidem cum repellat. Possimus odio suscipit non corporis id esse.', 0, '2019-10-18 06:02:14', '2019-10-18 06:02:14'),
(299, 33, 'Lincoln Weber III', 'Ipsam adipisci exercitationem quis corrupti et quam repudiandae. Assumenda adipisci facere esse qui maxime aut eos. Ut nulla blanditiis repellendus dolore quasi sunt non id. Ipsum repudiandae harum maxime vel et corrupti.', 3, '2019-10-18 06:02:14', '2019-10-18 06:02:14'),
(300, 21, 'Mrs. Candida Fisher', 'Rerum expedita est voluptas accusantium facere. Laborum consequatur quo sint nobis. Nam distinctio tempore sit reiciendis sed quis dolor.', 4, '2019-10-18 06:02:14', '2019-10-18 06:02:14');

-- --------------------------------------------------------

--
-- Table structure for table `users`
--

CREATE TABLE `users` (
  `id` bigint(20) UNSIGNED NOT NULL,
  `name` varchar(255) COLLATE utf8mb4_unicode_ci NOT NULL,
  `email` varchar(255) COLLATE utf8mb4_unicode_ci NOT NULL,
  `email_verified_at` timestamp NULL DEFAULT NULL,
  `password` varchar(255) COLLATE utf8mb4_unicode_ci NOT NULL,
  `remember_token` varchar(100) COLLATE utf8mb4_unicode_ci DEFAULT NULL,
  `created_at` timestamp NULL DEFAULT NULL,
  `updated_at` timestamp NULL DEFAULT NULL
) ENGINE=InnoDB DEFAULT CHARSET=utf8mb4 COLLATE=utf8mb4_unicode_ci;

--
-- Indexes for dumped tables
--

--
-- Indexes for table `migrations`
--
ALTER TABLE `migrations`
  ADD PRIMARY KEY (`id`);

--
-- Indexes for table `password_resets`
--
ALTER TABLE `password_resets`
  ADD KEY `password_resets_email_index` (`email`);

--
-- Indexes for table `products`
--
ALTER TABLE `products`
  ADD PRIMARY KEY (`id`);

--
-- Indexes for table `reviews`
--
ALTER TABLE `reviews`
  ADD PRIMARY KEY (`id`);

--
-- Indexes for table `users`
--
ALTER TABLE `users`
  ADD PRIMARY KEY (`id`),
  ADD UNIQUE KEY `users_email_unique` (`email`);

--
-- AUTO_INCREMENT for dumped tables
--

--
-- AUTO_INCREMENT for table `migrations`
--
ALTER TABLE `migrations`
  MODIFY `id` int(10) UNSIGNED NOT NULL AUTO_INCREMENT, AUTO_INCREMENT=4;

--
-- AUTO_INCREMENT for table `products`
--
ALTER TABLE `products`
  MODIFY `id` bigint(20) UNSIGNED NOT NULL AUTO_INCREMENT, AUTO_INCREMENT=51;

--
-- AUTO_INCREMENT for table `reviews`
--
ALTER TABLE `reviews`
  MODIFY `id` bigint(20) UNSIGNED NOT NULL AUTO_INCREMENT, AUTO_INCREMENT=301;

--
-- AUTO_INCREMENT for table `users`
--
ALTER TABLE `users`
  MODIFY `id` bigint(20) UNSIGNED NOT NULL AUTO_INCREMENT;
COMMIT;

/*!40101 SET CHARACTER_SET_CLIENT=@OLD_CHARACTER_SET_CLIENT */;
/*!40101 SET CHARACTER_SET_RESULTS=@OLD_CHARACTER_SET_RESULTS */;
/*!40101 SET COLLATION_CONNECTION=@OLD_COLLATION_CONNECTION */;
